,W,L,W/L%,GB,PS/G,PA/G,SRS,Year,Team
0,Atlantic Division,Atlantic Division,Atlantic Division,Atlantic Division,Atlantic Division,Atlantic Division,Atlantic Division,1991,Atlantic Division
1,49,23,.681,—,113.6,108.1,5.28,1991,Philadelphia 76ers*
2,48,24,.667,1.0,118.6,114.1,4.24,1991,Brooklyn Nets*
3,41,31,.569,8.0,107.0,104.7,2.13,1991,New York Knicks*
4,36,36,.500,13.0,112.6,111.2,1.32,1991,Boston Celtics*
5,27,45,.375,22.0,111.3,111.7,-0.54,1991,Toronto Raptors
6,Central Division,Central Division,Central Division,Central Division,Central Division,Central Division,Central Division,1991,Central Division
7,46,26,.639,—,120.1,114.2,5.57,1991,Milwaukee Bucks*
8,34,38,.472,12.0,115.3,115.3,-0.13,1991,Indiana Pacers
9,31,41,.431,15.0,110.7,111.6,-0.94,1991,Chicago Bulls
10,22,50,.306,24.0,103.8,112.3,-8.19,1991,Cleveland Cavaliers
11,20,52,.278,26.0,106.6,111.1,-4.38,1991,Detroit Pistons
12,Southeast Division,Southeast Division,Southeast Division,Southeast Division,Southeast Division,Southeast Division,Southeast Division,1991,Southeast Division
13,41,31,.569,—,113.7,111.4,2.14,1991,Atlanta Hawks*
14,40,32,.556,1.0,108.1,108.0,-0.06,1991,Miami Heat*
15,34,38,.472,7.0,116.6,118.5,-1.85,1991,Washington Wizards*
16,33,39,.458,8.0,109.5,111.4,-1.94,1991,Charlotte Hornets
17,21,51,.292,20.0,104.0,113.3,-9.02,1991,Orlando Magic
0,Northwest Division,Northwest Division,Northwest Division,Northwest Division,Northwest Division,Northwest Division,Northwest Division,1991,Northwest Division
1,52,20,.722,—,116.4,107.2,8.97,1991,Utah Jazz*
2,47,25,.653,5.0,115.1,110.1,4.82,1991,Denver Nuggets*
3,42,30,.583,10.0,116.1,114.3,1.81,1991,Portland Trail Blazers*
4,23,49,.319,29.0,112.1,117.7,-5.25,1991,Minnesota Timberwolves
5,22,50,.306,30.0,105.0,115.6,-10.13,1991,Oklahoma City Thunder
6,Pacific Division,Pacific Division,Pacific Division,Pacific Division,Pacific Division,Pacific Division,Pacific Division,1991,Pacific Division
7,51,21,.708,—,115.3,109.5,5.67,1991,Phoenix Suns*
8,47,25,.653,4.0,114.0,107.8,6.02,1991,Los Angeles Clippers*
9,42,30,.583,9.0,109.5,106.8,2.77,1991,Los Angeles Lakers*
10,39,33,.542,12.0,113.7,112.7,1.10,1991,Golden State Warriors
11,31,41,.431,20.0,113.7,117.4,-3.45,1991,Sacramento Kings
12,Southwest Division,Southwest Division,Southwest Division,Southwest Division,Southwest Division,Southwest Division,Southwest Division,1991,Southwest Division
13,42,30,.583,—,112.4,110.2,2.26,1991,Dallas Mavericks*
14,38,34,.528,4.0,113.3,112.3,1.07,1991,Memphis Grizzlies*
15,33,39,.458,9.0,111.1,112.8,-1.58,1991,San Antonio Spurs
16,31,41,.431,11.0,114.6,114.9,-0.20,1991,New Orleans Pelicans
17,17,55,.236,25.0,108.8,116.7,-7.50,1991,Houston Rockets
0,Atlantic Division,Atlantic Division,Atlantic Division,Atlantic Division,Atlantic Division,Atlantic Division,Atlantic Division,1992,Atlantic Division
1,49,23,.681,—,113.6,108.1,5.28,1992,Philadelphia 76ers*
2,48,24,.667,1.0,118.6,114.1,4.24,1992,Brooklyn Nets*
3,41,31,.569,8.0,107.0,104.7,2.13,1992,New York Knicks*
4,36,36,.500,13.0,112.6,111.2,1.32,1992,Boston Celtics*
5,27,45,.375,22.0,111.3,111.7,-0.54,1992,Toronto Raptors
6,Central Division,Central Division,Central Division,Central Division,Central Division,Central Division,Central Division,1992,Central Division
7,46,26,.639,—,120.1,114.2,5.57,1992,Milwaukee Bucks*
8,34,38,.472,12.0,115.3,115.3,-0.13,1992,Indiana Pacers
9,31,41,.431,15.0,110.7,111.6,-0.94,1992,Chicago Bulls
10,22,50,.306,24.0,103.8,112.3,-8.19,1992,Cleveland Cavaliers
11,20,52,.278,26.0,106.6,111.1,-4.38,1992,Detroit Pistons
12,Southeast Division,Southeast Division,Southeast Division,Southeast Division,Southeast Division,Southeast Division,Southeast Division,1992,Southeast Division
13,41,31,.569,—,113.7,111.4,2.14,1992,Atlanta Hawks*
14,40,32,.556,1.0,108.1,108.0,-0.06,1992,Miami Heat*
15,34,38,.472,7.0,116.6,118.5,-1.85,1992,Washington Wizards*
16,33,39,.458,8.0,109.5,111.4,-1.94,1992,Charlotte Hornets
17,21,51,.292,20.0,104.0,113.3,-9.02,1992,Orlando Magic
0,Northwest Division,Northwest Division,Northwest Division,Northwest Division,Northwest Division,Northwest Division,Northwest Division,1992,Northwest Division
1,52,20,.722,—,116.4,107.2,8.97,1992,Utah Jazz*
2,47,25,.653,5.0,115.1,110.1,4.82,1992,Denver Nuggets*
3,42,30,.583,10.0,116.1,114.3,1.81,1992,Portland Trail Blazers*
4,23,49,.319,29.0,112.1,117.7,-5.25,1992,Minnesota Timberwolves
5,22,50,.306,30.0,105.0,115.6,-10.13,1992,Oklahoma City Thunder
6,Pacific Division,Pacific Division,Pacific Division,Pacific Division,Pacific Division,Pacific Division,Pacific Division,1992,Pacific Division
7,51,21,.708,—,115.3,109.5,5.67,1992,Phoenix Suns*
8,47,25,.653,4.0,114.0,107.8,6.02,1992,Los Angeles Clippers*
9,42,30,.583,9.0,109.5,106.8,2.77,1992,Los Angeles Lakers*
10,39,33,.542,12.0,113.7,112.7,1.10,1992,Golden State Warriors
11,31,41,.431,20.0,113.7,117.4,-3.45,1992,Sacramento Kings
12,Southwest Division,Southwest Division,Southwest Division,Southwest Division,Southwest Division,Southwest Division,Southwest Division,1992,Southwest Division
13,42,30,.583,—,112.4,110.2,2.26,1992,Dallas Mavericks*
14,38,34,.528,4.0,113.3,112.3,1.07,1992,Memphis Grizzlies*
15,33,39,.458,9.0,111.1,112.8,-1.58,1992,San Antonio Spurs
16,31,41,.431,11.0,114.6,114.9,-0.20,1992,New Orleans Pelicans
17,17,55,.236,25.0,108.8,116.7,-7.50,1992,Houston Rockets
0,Atlantic Division,Atlantic Division,Atlantic Division,Atlantic Division,Atlantic Division,Atlantic Division,Atlantic Division,1993,Atlantic Division
1,49,23,.681,—,113.6,108.1,5.28,1993,Philadelphia 76ers*
2,48,24,.667,1.0,118.6,114.1,4.24,1993,Brooklyn Nets*
3,41,31,.569,8.0,107.0,104.7,2.13,1993,New York Knicks*
4,36,36,.500,13.0,112.6,111.2,1.32,1993,Boston Celtics*
5,27,45,.375,22.0,111.3,111.7,-0.54,1993,Toronto Raptors
6,Central Division,Central Division,Central Division,Central Division,Central Division,Central Division,Central Division,1993,Central Division
7,46,26,.639,—,120.1,114.2,5.57,1993,Milwaukee Bucks*
8,34,38,.472,12.0,115.3,115.3,-0.13,1993,Indiana Pacers
9,31,41,.431,15.0,110.7,111.6,-0.94,1993,Chicago Bulls
10,22,50,.306,24.0,103.8,112.3,-8.19,1993,Cleveland Cavaliers
11,20,52,.278,26.0,106.6,111.1,-4.38,1993,Detroit Pistons
12,Southeast Division,Southeast Division,Southeast Division,Southeast Division,Southeast Division,Southeast Division,Southeast Division,1993,Southeast Division
13,41,31,.569,—,113.7,111.4,2.14,1993,Atlanta Hawks*
14,40,32,.556,1.0,108.1,108.0,-0.06,1993,Miami Heat*
15,34,38,.472,7.0,116.6,118.5,-1.85,1993,Washington Wizards*
16,33,39,.458,8.0,109.5,111.4,-1.94,1993,Charlotte Hornets
17,21,51,.292,20.0,104.0,113.3,-9.02,1993,Orlando Magic
0,Northwest Division,Northwest Division,Northwest Division,Northwest Division,Northwest Division,Northwest Division,Northwest Division,1993,Northwest Division
1,52,20,.722,—,116.4,107.2,8.97,1993,Utah Jazz*
2,47,25,.653,5.0,115.1,110.1,4.82,1993,Denver Nuggets*
3,42,30,.583,10.0,116.1,114.3,1.81,1993,Portland Trail Blazers*
4,23,49,.319,29.0,112.1,117.7,-5.25,1993,Minnesota Timberwolves
5,22,50,.306,30.0,105.0,115.6,-10.13,1993,Oklahoma City Thunder
6,Pacific Division,Pacific Division,Pacific Division,Pacific Division,Pacific Division,Pacific Division,Pacific Division,1993,Pacific Division
7,51,21,.708,—,115.3,109.5,5.67,1993,Phoenix Suns*
8,47,25,.653,4.0,114.0,107.8,6.02,1993,Los Angeles Clippers*
9,42,30,.583,9.0,109.5,106.8,2.77,1993,Los Angeles Lakers*
10,39,33,.542,12.0,113.7,112.7,1.10,1993,Golden State Warriors
11,31,41,.431,20.0,113.7,117.4,-3.45,1993,Sacramento Kings
12,Southwest Division,Southwest Division,Southwest Division,Southwest Division,Southwest Division,Southwest Division,Southwest Division,1993,Southwest Division
13,42,30,.583,—,112.4,110.2,2.26,1993,Dallas Mavericks*
14,38,34,.528,4.0,113.3,112.3,1.07,1993,Memphis Grizzlies*
15,33,39,.458,9.0,111.1,112.8,-1.58,1993,San Antonio Spurs
16,31,41,.431,11.0,114.6,114.9,-0.20,1993,New Orleans Pelicans
17,17,55,.236,25.0,108.8,116.7,-7.50,1993,Houston Rockets
0,Atlantic Division,Atlantic Division,Atlantic Division,Atlantic Division,Atlantic Division,Atlantic Division,Atlantic Division,1994,Atlantic Division
1,49,23,.681,—,113.6,108.1,5.28,1994,Philadelphia 76ers*
2,48,24,.667,1.0,118.6,114.1,4.24,1994,Brooklyn Nets*
3,41,31,.569,8.0,107.0,104.7,2.13,1994,New York Knicks*
4,36,36,.500,13.0,112.6,111.2,1.32,1994,Boston Celtics*
5,27,45,.375,22.0,111.3,111.7,-0.54,1994,Toronto Raptors
6,Central Division,Central Division,Central Division,Central Division,Central Division,Central Division,Central Division,1994,Central Division
7,46,26,.639,—,120.1,114.2,5.57,1994,Milwaukee Bucks*
8,34,38,.472,12.0,115.3,115.3,-0.13,1994,Indiana Pacers
9,31,41,.431,15.0,110.7,111.6,-0.94,1994,Chicago Bulls
10,22,50,.306,24.0,103.8,112.3,-8.19,1994,Cleveland Cavaliers
11,20,52,.278,26.0,106.6,111.1,-4.38,1994,Detroit Pistons
12,Southeast Division,Southeast Division,Southeast Division,Southeast Division,Southeast Division,Southeast Division,Southeast Division,1994,Southeast Division
13,41,31,.569,—,113.7,111.4,2.14,1994,Atlanta Hawks*
14,40,32,.556,1.0,108.1,108.0,-0.06,1994,Miami Heat*
15,34,38,.472,7.0,116.6,118.5,-1.85,1994,Washington Wizards*
16,33,39,.458,8.0,109.5,111.4,-1.94,1994,Charlotte Hornets
17,21,51,.292,20.0,104.0,113.3,-9.02,1994,Orlando Magic
0,Northwest Division,Northwest Division,Northwest Division,Northwest Division,Northwest Division,Northwest Division,Northwest Division,1994,Northwest Division
1,52,20,.722,—,116.4,107.2,8.97,1994,Utah Jazz*
2,47,25,.653,5.0,115.1,110.1,4.82,1994,Denver Nuggets*
3,42,30,.583,10.0,116.1,114.3,1.81,1994,Portland Trail Blazers*
4,23,49,.319,29.0,112.1,117.7,-5.25,1994,Minnesota Timberwolves
5,22,50,.306,30.0,105.0,115.6,-10.13,1994,Oklahoma City Thunder
6,Pacific Division,Pacific Division,Pacific Division,Pacific Division,Pacific Division,Pacific Division,Pacific Division,1994,Pacific Division
7,51,21,.708,—,115.3,109.5,5.67,1994,Phoenix Suns*
8,47,25,.653,4.0,114.0,107.8,6.02,1994,Los Angeles Clippers*
9,42,30,.583,9.0,109.5,106.8,2.77,1994,Los Angeles Lakers*
10,39,33,.542,12.0,113.7,112.7,1.10,1994,Golden State Warriors
11,31,41,.431,20.0,113.7,117.4,-3.45,1994,Sacramento Kings
12,Southwest Division,Southwest Division,Southwest Division,Southwest Division,Southwest Division,Southwest Division,Southwest Division,1994,Southwest Division
13,42,30,.583,—,112.4,110.2,2.26,1994,Dallas Mavericks*
14,38,34,.528,4.0,113.3,112.3,1.07,1994,Memphis Grizzlies*
15,33,39,.458,9.0,111.1,112.8,-1.58,1994,San Antonio Spurs
16,31,41,.431,11.0,114.6,114.9,-0.20,1994,New Orleans Pelicans
17,17,55,.236,25.0,108.8,116.7,-7.50,1994,Houston Rockets
0,Atlantic Division,Atlantic Division,Atlantic Division,Atlantic Division,Atlantic Division,Atlantic Division,Atlantic Division,1995,Atlantic Division
1,49,23,.681,—,113.6,108.1,5.28,1995,Philadelphia 76ers*
2,48,24,.667,1.0,118.6,114.1,4.24,1995,Brooklyn Nets*
3,41,31,.569,8.0,107.0,104.7,2.13,1995,New York Knicks*
4,36,36,.500,13.0,112.6,111.2,1.32,1995,Boston Celtics*
5,27,45,.375,22.0,111.3,111.7,-0.54,1995,Toronto Raptors
6,Central Division,Central Division,Central Division,Central Division,Central Division,Central Division,Central Division,1995,Central Division
7,46,26,.639,—,120.1,114.2,5.57,1995,Milwaukee Bucks*
8,34,38,.472,12.0,115.3,115.3,-0.13,1995,Indiana Pacers
9,31,41,.431,15.0,110.7,111.6,-0.94,1995,Chicago Bulls
10,22,50,.306,24.0,103.8,112.3,-8.19,1995,Cleveland Cavaliers
11,20,52,.278,26.0,106.6,111.1,-4.38,1995,Detroit Pistons
12,Southeast Division,Southeast Division,Southeast Division,Southeast Division,Southeast Division,Southeast Division,Southeast Division,1995,Southeast Division
13,41,31,.569,—,113.7,111.4,2.14,1995,Atlanta Hawks*
14,40,32,.556,1.0,108.1,108.0,-0.06,1995,Miami Heat*
15,34,38,.472,7.0,116.6,118.5,-1.85,1995,Washington Wizards*
16,33,39,.458,8.0,109.5,111.4,-1.94,1995,Charlotte Hornets
17,21,51,.292,20.0,104.0,113.3,-9.02,1995,Orlando Magic
0,Northwest Division,Northwest Division,Northwest Division,Northwest Division,Northwest Division,Northwest Division,Northwest Division,1995,Northwest Division
1,52,20,.722,—,116.4,107.2,8.97,1995,Utah Jazz*
2,47,25,.653,5.0,115.1,110.1,4.82,1995,Denver Nuggets*
3,42,30,.583,10.0,116.1,114.3,1.81,1995,Portland Trail Blazers*
4,23,49,.319,29.0,112.1,117.7,-5.25,1995,Minnesota Timberwolves
5,22,50,.306,30.0,105.0,115.6,-10.13,1995,Oklahoma City Thunder
6,Pacific Division,Pacific Division,Pacific Division,Pacific Division,Pacific Division,Pacific Division,Pacific Division,1995,Pacific Division
7,51,21,.708,—,115.3,109.5,5.67,1995,Phoenix Suns*
8,47,25,.653,4.0,114.0,107.8,6.02,1995,Los Angeles Clippers*
9,42,30,.583,9.0,109.5,106.8,2.77,1995,Los Angeles Lakers*
10,39,33,.542,12.0,113.7,112.7,1.10,1995,Golden State Warriors
11,31,41,.431,20.0,113.7,117.4,-3.45,1995,Sacramento Kings
12,Southwest Division,Southwest Division,Southwest Division,Southwest Division,Southwest Division,Southwest Division,Southwest Division,1995,Southwest Division
13,42,30,.583,—,112.4,110.2,2.26,1995,Dallas Mavericks*
14,38,34,.528,4.0,113.3,112.3,1.07,1995,Memphis Grizzlies*
15,33,39,.458,9.0,111.1,112.8,-1.58,1995,San Antonio Spurs
16,31,41,.431,11.0,114.6,114.9,-0.20,1995,New Orleans Pelicans
17,17,55,.236,25.0,108.8,116.7,-7.50,1995,Houston Rockets
0,Atlantic Division,Atlantic Division,Atlantic Division,Atlantic Division,Atlantic Division,Atlantic Division,Atlantic Division,1996,Atlantic Division
1,49,23,.681,—,113.6,108.1,5.28,1996,Philadelphia 76ers*
2,48,24,.667,1.0,118.6,114.1,4.24,1996,Brooklyn Nets*
3,41,31,.569,8.0,107.0,104.7,2.13,1996,New York Knicks*
4,36,36,.500,13.0,112.6,111.2,1.32,1996,Boston Celtics*
5,27,45,.375,22.0,111.3,111.7,-0.54,1996,Toronto Raptors
6,Central Division,Central Division,Central Division,Central Division,Central Division,Central Division,Central Division,1996,Central Division
7,46,26,.639,—,120.1,114.2,5.57,1996,Milwaukee Bucks*
8,34,38,.472,12.0,115.3,115.3,-0.13,1996,Indiana Pacers
9,31,41,.431,15.0,110.7,111.6,-0.94,1996,Chicago Bulls
10,22,50,.306,24.0,103.8,112.3,-8.19,1996,Cleveland Cavaliers
11,20,52,.278,26.0,106.6,111.1,-4.38,1996,Detroit Pistons
12,Southeast Division,Southeast Division,Southeast Division,Southeast Division,Southeast Division,Southeast Division,Southeast Division,1996,Southeast Division
13,41,31,.569,—,113.7,111.4,2.14,1996,Atlanta Hawks*
14,40,32,.556,1.0,108.1,108.0,-0.06,1996,Miami Heat*
15,34,38,.472,7.0,116.6,118.5,-1.85,1996,Washington Wizards*
16,33,39,.458,8.0,109.5,111.4,-1.94,1996,Charlotte Hornets
17,21,51,.292,20.0,104.0,113.3,-9.02,1996,Orlando Magic
0,Northwest Division,Northwest Division,Northwest Division,Northwest Division,Northwest Division,Northwest Division,Northwest Division,1996,Northwest Division
1,52,20,.722,—,116.4,107.2,8.97,1996,Utah Jazz*
2,47,25,.653,5.0,115.1,110.1,4.82,1996,Denver Nuggets*
3,42,30,.583,10.0,116.1,114.3,1.81,1996,Portland Trail Blazers*
4,23,49,.319,29.0,112.1,117.7,-5.25,1996,Minnesota Timberwolves
5,22,50,.306,30.0,105.0,115.6,-10.13,1996,Oklahoma City Thunder
6,Pacific Division,Pacific Division,Pacific Division,Pacific Division,Pacific Division,Pacific Division,Pacific Division,1996,Pacific Division
7,51,21,.708,—,115.3,109.5,5.67,1996,Phoenix Suns*
8,47,25,.653,4.0,114.0,107.8,6.02,1996,Los Angeles Clippers*
9,42,30,.583,9.0,109.5,106.8,2.77,1996,Los Angeles Lakers*
10,39,33,.542,12.0,113.7,112.7,1.10,1996,Golden State Warriors
11,31,41,.431,20.0,113.7,117.4,-3.45,1996,Sacramento Kings
12,Southwest Division,Southwest Division,Southwest Division,Southwest Division,Southwest Division,Southwest Division,Southwest Division,1996,Southwest Division
13,42,30,.583,—,112.4,110.2,2.26,1996,Dallas Mavericks*
14,38,34,.528,4.0,113.3,112.3,1.07,1996,Memphis Grizzlies*
15,33,39,.458,9.0,111.1,112.8,-1.58,1996,San Antonio Spurs
16,31,41,.431,11.0,114.6,114.9,-0.20,1996,New Orleans Pelicans
17,17,55,.236,25.0,108.8,116.7,-7.50,1996,Houston Rockets
0,Atlantic Division,Atlantic Division,Atlantic Division,Atlantic Division,Atlantic Division,Atlantic Division,Atlantic Division,1997,Atlantic Division
1,49,23,.681,—,113.6,108.1,5.28,1997,Philadelphia 76ers*
2,48,24,.667,1.0,118.6,114.1,4.24,1997,Brooklyn Nets*
3,41,31,.569,8.0,107.0,104.7,2.13,1997,New York Knicks*
4,36,36,.500,13.0,112.6,111.2,1.32,1997,Boston Celtics*
5,27,45,.375,22.0,111.3,111.7,-0.54,1997,Toronto Raptors
6,Central Division,Central Division,Central Division,Central Division,Central Division,Central Division,Central Division,1997,Central Division
7,46,26,.639,—,120.1,114.2,5.57,1997,Milwaukee Bucks*
8,34,38,.472,12.0,115.3,115.3,-0.13,1997,Indiana Pacers
9,31,41,.431,15.0,110.7,111.6,-0.94,1997,Chicago Bulls
10,22,50,.306,24.0,103.8,112.3,-8.19,1997,Cleveland Cavaliers
11,20,52,.278,26.0,106.6,111.1,-4.38,1997,Detroit Pistons
12,Southeast Division,Southeast Division,Southeast Division,Southeast Division,Southeast Division,Southeast Division,Southeast Division,1997,Southeast Division
13,41,31,.569,—,113.7,111.4,2.14,1997,Atlanta Hawks*
14,40,32,.556,1.0,108.1,108.0,-0.06,1997,Miami Heat*
15,34,38,.472,7.0,116.6,118.5,-1.85,1997,Washington Wizards*
16,33,39,.458,8.0,109.5,111.4,-1.94,1997,Charlotte Hornets
17,21,51,.292,20.0,104.0,113.3,-9.02,1997,Orlando Magic
0,Northwest Division,Northwest Division,Northwest Division,Northwest Division,Northwest Division,Northwest Division,Northwest Division,1997,Northwest Division
1,52,20,.722,—,116.4,107.2,8.97,1997,Utah Jazz*
2,47,25,.653,5.0,115.1,110.1,4.82,1997,Denver Nuggets*
3,42,30,.583,10.0,116.1,114.3,1.81,1997,Portland Trail Blazers*
4,23,49,.319,29.0,112.1,117.7,-5.25,1997,Minnesota Timberwolves
5,22,50,.306,30.0,105.0,115.6,-10.13,1997,Oklahoma City Thunder
6,Pacific Division,Pacific Division,Pacific Division,Pacific Division,Pacific Division,Pacific Division,Pacific Division,1997,Pacific Division
7,51,21,.708,—,115.3,109.5,5.67,1997,Phoenix Suns*
8,47,25,.653,4.0,114.0,107.8,6.02,1997,Los Angeles Clippers*
9,42,30,.583,9.0,109.5,106.8,2.77,1997,Los Angeles Lakers*
10,39,33,.542,12.0,113.7,112.7,1.10,1997,Golden State Warriors
11,31,41,.431,20.0,113.7,117.4,-3.45,1997,Sacramento Kings
12,Southwest Division,Southwest Division,Southwest Division,Southwest Division,Southwest Division,Southwest Division,Southwest Division,1997,Southwest Division
13,42,30,.583,—,112.4,110.2,2.26,1997,Dallas Mavericks*
14,38,34,.528,4.0,113.3,112.3,1.07,1997,Memphis Grizzlies*
15,33,39,.458,9.0,111.1,112.8,-1.58,1997,San Antonio Spurs
16,31,41,.431,11.0,114.6,114.9,-0.20,1997,New Orleans Pelicans
17,17,55,.236,25.0,108.8,116.7,-7.50,1997,Houston Rockets
0,Atlantic Division,Atlantic Division,Atlantic Division,Atlantic Division,Atlantic Division,Atlantic Division,Atlantic Division,1998,Atlantic Division
1,49,23,.681,—,113.6,108.1,5.28,1998,Philadelphia 76ers*
2,48,24,.667,1.0,118.6,114.1,4.24,1998,Brooklyn Nets*
3,41,31,.569,8.0,107.0,104.7,2.13,1998,New York Knicks*
4,36,36,.500,13.0,112.6,111.2,1.32,1998,Boston Celtics*
5,27,45,.375,22.0,111.3,111.7,-0.54,1998,Toronto Raptors
6,Central Division,Central Division,Central Division,Central Division,Central Division,Central Division,Central Division,1998,Central Division
7,46,26,.639,—,120.1,114.2,5.57,1998,Milwaukee Bucks*
8,34,38,.472,12.0,115.3,115.3,-0.13,1998,Indiana Pacers
9,31,41,.431,15.0,110.7,111.6,-0.94,1998,Chicago Bulls
10,22,50,.306,24.0,103.8,112.3,-8.19,1998,Cleveland Cavaliers
11,20,52,.278,26.0,106.6,111.1,-4.38,1998,Detroit Pistons
12,Southeast Division,Southeast Division,Southeast Division,Southeast Division,Southeast Division,Southeast Division,Southeast Division,1998,Southeast Division
13,41,31,.569,—,113.7,111.4,2.14,1998,Atlanta Hawks*
14,40,32,.556,1.0,108.1,108.0,-0.06,1998,Miami Heat*
15,34,38,.472,7.0,116.6,118.5,-1.85,1998,Washington Wizards*
16,33,39,.458,8.0,109.5,111.4,-1.94,1998,Charlotte Hornets
17,21,51,.292,20.0,104.0,113.3,-9.02,1998,Orlando Magic
0,Northwest Division,Northwest Division,Northwest Division,Northwest Division,Northwest Division,Northwest Division,Northwest Division,1998,Northwest Division
1,52,20,.722,—,116.4,107.2,8.97,1998,Utah Jazz*
2,47,25,.653,5.0,115.1,110.1,4.82,1998,Denver Nuggets*
3,42,30,.583,10.0,116.1,114.3,1.81,1998,Portland Trail Blazers*
4,23,49,.319,29.0,112.1,117.7,-5.25,1998,Minnesota Timberwolves
5,22,50,.306,30.0,105.0,115.6,-10.13,1998,Oklahoma City Thunder
6,Pacific Division,Pacific Division,Pacific Division,Pacific Division,Pacific Division,Pacific Division,Pacific Division,1998,Pacific Division
7,51,21,.708,—,115.3,109.5,5.67,1998,Phoenix Suns*
8,47,25,.653,4.0,114.0,107.8,6.02,1998,Los Angeles Clippers*
9,42,30,.583,9.0,109.5,106.8,2.77,1998,Los Angeles Lakers*
10,39,33,.542,12.0,113.7,112.7,1.10,1998,Golden State Warriors
11,31,41,.431,20.0,113.7,117.4,-3.45,1998,Sacramento Kings
12,Southwest Division,Southwest Division,Southwest Division,Southwest Division,Southwest Division,Southwest Division,Southwest Division,1998,Southwest Division
13,42,30,.583,—,112.4,110.2,2.26,1998,Dallas Mavericks*
14,38,34,.528,4.0,113.3,112.3,1.07,1998,Memphis Grizzlies*
15,33,39,.458,9.0,111.1,112.8,-1.58,1998,San Antonio Spurs
16,31,41,.431,11.0,114.6,114.9,-0.20,1998,New Orleans Pelicans
17,17,55,.236,25.0,108.8,116.7,-7.50,1998,Houston Rockets
0,Atlantic Division,Atlantic Division,Atlantic Division,Atlantic Division,Atlantic Division,Atlantic Division,Atlantic Division,1999,Atlantic Division
1,49,23,.681,—,113.6,108.1,5.28,1999,Philadelphia 76ers*
2,48,24,.667,1.0,118.6,114.1,4.24,1999,Brooklyn Nets*
3,41,31,.569,8.0,107.0,104.7,2.13,1999,New York Knicks*
4,36,36,.500,13.0,112.6,111.2,1.32,1999,Boston Celtics*
5,27,45,.375,22.0,111.3,111.7,-0.54,1999,Toronto Raptors
6,Central Division,Central Division,Central Division,Central Division,Central Division,Central Division,Central Division,1999,Central Division
7,46,26,.639,—,120.1,114.2,5.57,1999,Milwaukee Bucks*
8,34,38,.472,12.0,115.3,115.3,-0.13,1999,Indiana Pacers
9,31,41,.431,15.0,110.7,111.6,-0.94,1999,Chicago Bulls
10,22,50,.306,24.0,103.8,112.3,-8.19,1999,Cleveland Cavaliers
11,20,52,.278,26.0,106.6,111.1,-4.38,1999,Detroit Pistons
12,Southeast Division,Southeast Division,Southeast Division,Southeast Division,Southeast Division,Southeast Division,Southeast Division,1999,Southeast Division
13,41,31,.569,—,113.7,111.4,2.14,1999,Atlanta Hawks*
14,40,32,.556,1.0,108.1,108.0,-0.06,1999,Miami Heat*
15,34,38,.472,7.0,116.6,118.5,-1.85,1999,Washington Wizards*
16,33,39,.458,8.0,109.5,111.4,-1.94,1999,Charlotte Hornets
17,21,51,.292,20.0,104.0,113.3,-9.02,1999,Orlando Magic
0,Northwest Division,Northwest Division,Northwest Division,Northwest Division,Northwest Division,Northwest Division,Northwest Division,1999,Northwest Division
1,52,20,.722,—,116.4,107.2,8.97,1999,Utah Jazz*
2,47,25,.653,5.0,115.1,110.1,4.82,1999,Denver Nuggets*
3,42,30,.583,10.0,116.1,114.3,1.81,1999,Portland Trail Blazers*
4,23,49,.319,29.0,112.1,117.7,-5.25,1999,Minnesota Timberwolves
5,22,50,.306,30.0,105.0,115.6,-10.13,1999,Oklahoma City Thunder
6,Pacific Division,Pacific Division,Pacific Division,Pacific Division,Pacific Division,Pacific Division,Pacific Division,1999,Pacific Division
7,51,21,.708,—,115.3,109.5,5.67,1999,Phoenix Suns*
8,47,25,.653,4.0,114.0,107.8,6.02,1999,Los Angeles Clippers*
9,42,30,.583,9.0,109.5,106.8,2.77,1999,Los Angeles Lakers*
10,39,33,.542,12.0,113.7,112.7,1.10,1999,Golden State Warriors
11,31,41,.431,20.0,113.7,117.4,-3.45,1999,Sacramento Kings
12,Southwest Division,Southwest Division,Southwest Division,Southwest Division,Southwest Division,Southwest Division,Southwest Division,1999,Southwest Division
13,42,30,.583,—,112.4,110.2,2.26,1999,Dallas Mavericks*
14,38,34,.528,4.0,113.3,112.3,1.07,1999,Memphis Grizzlies*
15,33,39,.458,9.0,111.1,112.8,-1.58,1999,San Antonio Spurs
16,31,41,.431,11.0,114.6,114.9,-0.20,1999,New Orleans Pelicans
17,17,55,.236,25.0,108.8,116.7,-7.50,1999,Houston Rockets
0,Atlantic Division,Atlantic Division,Atlantic Division,Atlantic Division,Atlantic Division,Atlantic Division,Atlantic Division,2000,Atlantic Division
1,49,23,.681,—,113.6,108.1,5.28,2000,Philadelphia 76ers*
2,48,24,.667,1.0,118.6,114.1,4.24,2000,Brooklyn Nets*
3,41,31,.569,8.0,107.0,104.7,2.13,2000,New York Knicks*
4,36,36,.500,13.0,112.6,111.2,1.32,2000,Boston Celtics*
5,27,45,.375,22.0,111.3,111.7,-0.54,2000,Toronto Raptors
6,Central Division,Central Division,Central Division,Central Division,Central Division,Central Division,Central Division,2000,Central Division
7,46,26,.639,—,120.1,114.2,5.57,2000,Milwaukee Bucks*
8,34,38,.472,12.0,115.3,115.3,-0.13,2000,Indiana Pacers
9,31,41,.431,15.0,110.7,111.6,-0.94,2000,Chicago Bulls
10,22,50,.306,24.0,103.8,112.3,-8.19,2000,Cleveland Cavaliers
11,20,52,.278,26.0,106.6,111.1,-4.38,2000,Detroit Pistons
12,Southeast Division,Southeast Division,Southeast Division,Southeast Division,Southeast Division,Southeast Division,Southeast Division,2000,Southeast Division
13,41,31,.569,—,113.7,111.4,2.14,2000,Atlanta Hawks*
14,40,32,.556,1.0,108.1,108.0,-0.06,2000,Miami Heat*
15,34,38,.472,7.0,116.6,118.5,-1.85,2000,Washington Wizards*
16,33,39,.458,8.0,109.5,111.4,-1.94,2000,Charlotte Hornets
17,21,51,.292,20.0,104.0,113.3,-9.02,2000,Orlando Magic
0,Northwest Division,Northwest Division,Northwest Division,Northwest Division,Northwest Division,Northwest Division,Northwest Division,2000,Northwest Division
1,52,20,.722,—,116.4,107.2,8.97,2000,Utah Jazz*
2,47,25,.653,5.0,115.1,110.1,4.82,2000,Denver Nuggets*
3,42,30,.583,10.0,116.1,114.3,1.81,2000,Portland Trail Blazers*
4,23,49,.319,29.0,112.1,117.7,-5.25,2000,Minnesota Timberwolves
5,22,50,.306,30.0,105.0,115.6,-10.13,2000,Oklahoma City Thunder
6,Pacific Division,Pacific Division,Pacific Division,Pacific Division,Pacific Division,Pacific Division,Pacific Division,2000,Pacific Division
7,51,21,.708,—,115.3,109.5,5.67,2000,Phoenix Suns*
8,47,25,.653,4.0,114.0,107.8,6.02,2000,Los Angeles Clippers*
9,42,30,.583,9.0,109.5,106.8,2.77,2000,Los Angeles Lakers*
10,39,33,.542,12.0,113.7,112.7,1.10,2000,Golden State Warriors
11,31,41,.431,20.0,113.7,117.4,-3.45,2000,Sacramento Kings
12,Southwest Division,Southwest Division,Southwest Division,Southwest Division,Southwest Division,Southwest Division,Southwest Division,2000,Southwest Division
13,42,30,.583,—,112.4,110.2,2.26,2000,Dallas Mavericks*
14,38,34,.528,4.0,113.3,112.3,1.07,2000,Memphis Grizzlies*
15,33,39,.458,9.0,111.1,112.8,-1.58,2000,San Antonio Spurs
16,31,41,.431,11.0,114.6,114.9,-0.20,2000,New Orleans Pelicans
17,17,55,.236,25.0,108.8,116.7,-7.50,2000,Houston Rockets
0,Atlantic Division,Atlantic Division,Atlantic Division,Atlantic Division,Atlantic Division,Atlantic Division,Atlantic Division,2001,Atlantic Division
1,49,23,.681,—,113.6,108.1,5.28,2001,Philadelphia 76ers*
2,48,24,.667,1.0,118.6,114.1,4.24,2001,Brooklyn Nets*
3,41,31,.569,8.0,107.0,104.7,2.13,2001,New York Knicks*
4,36,36,.500,13.0,112.6,111.2,1.32,2001,Boston Celtics*
5,27,45,.375,22.0,111.3,111.7,-0.54,2001,Toronto Raptors
6,Central Division,Central Division,Central Division,Central Division,Central Division,Central Division,Central Division,2001,Central Division
7,46,26,.639,—,120.1,114.2,5.57,2001,Milwaukee Bucks*
8,34,38,.472,12.0,115.3,115.3,-0.13,2001,Indiana Pacers
9,31,41,.431,15.0,110.7,111.6,-0.94,2001,Chicago Bulls
10,22,50,.306,24.0,103.8,112.3,-8.19,2001,Cleveland Cavaliers
11,20,52,.278,26.0,106.6,111.1,-4.38,2001,Detroit Pistons
12,Southeast Division,Southeast Division,Southeast Division,Southeast Division,Southeast Division,Southeast Division,Southeast Division,2001,Southeast Division
13,41,31,.569,—,113.7,111.4,2.14,2001,Atlanta Hawks*
14,40,32,.556,1.0,108.1,108.0,-0.06,2001,Miami Heat*
15,34,38,.472,7.0,116.6,118.5,-1.85,2001,Washington Wizards*
16,33,39,.458,8.0,109.5,111.4,-1.94,2001,Charlotte Hornets
17,21,51,.292,20.0,104.0,113.3,-9.02,2001,Orlando Magic
0,Northwest Division,Northwest Division,Northwest Division,Northwest Division,Northwest Division,Northwest Division,Northwest Division,2001,Northwest Division
1,52,20,.722,—,116.4,107.2,8.97,2001,Utah Jazz*
2,47,25,.653,5.0,115.1,110.1,4.82,2001,Denver Nuggets*
3,42,30,.583,10.0,116.1,114.3,1.81,2001,Portland Trail Blazers*
4,23,49,.319,29.0,112.1,117.7,-5.25,2001,Minnesota Timberwolves
5,22,50,.306,30.0,105.0,115.6,-10.13,2001,Oklahoma City Thunder
6,Pacific Division,Pacific Division,Pacific Division,Pacific Division,Pacific Division,Pacific Division,Pacific Division,2001,Pacific Division
7,51,21,.708,—,115.3,109.5,5.67,2001,Phoenix Suns*
8,47,25,.653,4.0,114.0,107.8,6.02,2001,Los Angeles Clippers*
9,42,30,.583,9.0,109.5,106.8,2.77,2001,Los Angeles Lakers*
10,39,33,.542,12.0,113.7,112.7,1.10,2001,Golden State Warriors
11,31,41,.431,20.0,113.7,117.4,-3.45,2001,Sacramento Kings
12,Southwest Division,Southwest Division,Southwest Division,Southwest Division,Southwest Division,Southwest Division,Southwest Division,2001,Southwest Division
13,42,30,.583,—,112.4,110.2,2.26,2001,Dallas Mavericks*
14,38,34,.528,4.0,113.3,112.3,1.07,2001,Memphis Grizzlies*
15,33,39,.458,9.0,111.1,112.8,-1.58,2001,San Antonio Spurs
16,31,41,.431,11.0,114.6,114.9,-0.20,2001,New Orleans Pelicans
17,17,55,.236,25.0,108.8,116.7,-7.50,2001,Houston Rockets
0,Atlantic Division,Atlantic Division,Atlantic Division,Atlantic Division,Atlantic Division,Atlantic Division,Atlantic Division,2002,Atlantic Division
1,49,23,.681,—,113.6,108.1,5.28,2002,Philadelphia 76ers*
2,48,24,.667,1.0,118.6,114.1,4.24,2002,Brooklyn Nets*
3,41,31,.569,8.0,107.0,104.7,2.13,2002,New York Knicks*
4,36,36,.500,13.0,112.6,111.2,1.32,2002,Boston Celtics*
5,27,45,.375,22.0,111.3,111.7,-0.54,2002,Toronto Raptors
6,Central Division,Central Division,Central Division,Central Division,Central Division,Central Division,Central Division,2002,Central Division
7,46,26,.639,—,120.1,114.2,5.57,2002,Milwaukee Bucks*
8,34,38,.472,12.0,115.3,115.3,-0.13,2002,Indiana Pacers
9,31,41,.431,15.0,110.7,111.6,-0.94,2002,Chicago Bulls
10,22,50,.306,24.0,103.8,112.3,-8.19,2002,Cleveland Cavaliers
11,20,52,.278,26.0,106.6,111.1,-4.38,2002,Detroit Pistons
12,Southeast Division,Southeast Division,Southeast Division,Southeast Division,Southeast Division,Southeast Division,Southeast Division,2002,Southeast Division
13,41,31,.569,—,113.7,111.4,2.14,2002,Atlanta Hawks*
14,40,32,.556,1.0,108.1,108.0,-0.06,2002,Miami Heat*
15,34,38,.472,7.0,116.6,118.5,-1.85,2002,Washington Wizards*
16,33,39,.458,8.0,109.5,111.4,-1.94,2002,Charlotte Hornets
17,21,51,.292,20.0,104.0,113.3,-9.02,2002,Orlando Magic
0,Northwest Division,Northwest Division,Northwest Division,Northwest Division,Northwest Division,Northwest Division,Northwest Division,2002,Northwest Division
1,52,20,.722,—,116.4,107.2,8.97,2002,Utah Jazz*
2,47,25,.653,5.0,115.1,110.1,4.82,2002,Denver Nuggets*
3,42,30,.583,10.0,116.1,114.3,1.81,2002,Portland Trail Blazers*
4,23,49,.319,29.0,112.1,117.7,-5.25,2002,Minnesota Timberwolves
5,22,50,.306,30.0,105.0,115.6,-10.13,2002,Oklahoma City Thunder
6,Pacific Division,Pacific Division,Pacific Division,Pacific Division,Pacific Division,Pacific Division,Pacific Division,2002,Pacific Division
7,51,21,.708,—,115.3,109.5,5.67,2002,Phoenix Suns*
8,47,25,.653,4.0,114.0,107.8,6.02,2002,Los Angeles Clippers*
9,42,30,.583,9.0,109.5,106.8,2.77,2002,Los Angeles Lakers*
10,39,33,.542,12.0,113.7,112.7,1.10,2002,Golden State Warriors
11,31,41,.431,20.0,113.7,117.4,-3.45,2002,Sacramento Kings
12,Southwest Division,Southwest Division,Southwest Division,Southwest Division,Southwest Division,Southwest Division,Southwest Division,2002,Southwest Division
13,42,30,.583,—,112.4,110.2,2.26,2002,Dallas Mavericks*
14,38,34,.528,4.0,113.3,112.3,1.07,2002,Memphis Grizzlies*
15,33,39,.458,9.0,111.1,112.8,-1.58,2002,San Antonio Spurs
16,31,41,.431,11.0,114.6,114.9,-0.20,2002,New Orleans Pelicans
17,17,55,.236,25.0,108.8,116.7,-7.50,2002,Houston Rockets
0,Atlantic Division,Atlantic Division,Atlantic Division,Atlantic Division,Atlantic Division,Atlantic Division,Atlantic Division,2003,Atlantic Division
1,49,23,.681,—,113.6,108.1,5.28,2003,Philadelphia 76ers*
2,48,24,.667,1.0,118.6,114.1,4.24,2003,Brooklyn Nets*
3,41,31,.569,8.0,107.0,104.7,2.13,2003,New York Knicks*
4,36,36,.500,13.0,112.6,111.2,1.32,2003,Boston Celtics*
5,27,45,.375,22.0,111.3,111.7,-0.54,2003,Toronto Raptors
6,Central Division,Central Division,Central Division,Central Division,Central Division,Central Division,Central Division,2003,Central Division
7,46,26,.639,—,120.1,114.2,5.57,2003,Milwaukee Bucks*
8,34,38,.472,12.0,115.3,115.3,-0.13,2003,Indiana Pacers
9,31,41,.431,15.0,110.7,111.6,-0.94,2003,Chicago Bulls
10,22,50,.306,24.0,103.8,112.3,-8.19,2003,Cleveland Cavaliers
11,20,52,.278,26.0,106.6,111.1,-4.38,2003,Detroit Pistons
12,Southeast Division,Southeast Division,Southeast Division,Southeast Division,Southeast Division,Southeast Division,Southeast Division,2003,Southeast Division
13,41,31,.569,—,113.7,111.4,2.14,2003,Atlanta Hawks*
14,40,32,.556,1.0,108.1,108.0,-0.06,2003,Miami Heat*
15,34,38,.472,7.0,116.6,118.5,-1.85,2003,Washington Wizards*
16,33,39,.458,8.0,109.5,111.4,-1.94,2003,Charlotte Hornets
17,21,51,.292,20.0,104.0,113.3,-9.02,2003,Orlando Magic
0,Northwest Division,Northwest Division,Northwest Division,Northwest Division,Northwest Division,Northwest Division,Northwest Division,2003,Northwest Division
1,52,20,.722,—,116.4,107.2,8.97,2003,Utah Jazz*
2,47,25,.653,5.0,115.1,110.1,4.82,2003,Denver Nuggets*
3,42,30,.583,10.0,116.1,114.3,1.81,2003,Portland Trail Blazers*
4,23,49,.319,29.0,112.1,117.7,-5.25,2003,Minnesota Timberwolves
5,22,50,.306,30.0,105.0,115.6,-10.13,2003,Oklahoma City Thunder
6,Pacific Division,Pacific Division,Pacific Division,Pacific Division,Pacific Division,Pacific Division,Pacific Division,2003,Pacific Division
7,51,21,.708,—,115.3,109.5,5.67,2003,Phoenix Suns*
8,47,25,.653,4.0,114.0,107.8,6.02,2003,Los Angeles Clippers*
9,42,30,.583,9.0,109.5,106.8,2.77,2003,Los Angeles Lakers*
10,39,33,.542,12.0,113.7,112.7,1.10,2003,Golden State Warriors
11,31,41,.431,20.0,113.7,117.4,-3.45,2003,Sacramento Kings
12,Southwest Division,Southwest Division,Southwest Division,Southwest Division,Southwest Division,Southwest Division,Southwest Division,2003,Southwest Division
13,42,30,.583,—,112.4,110.2,2.26,2003,Dallas Mavericks*
14,38,34,.528,4.0,113.3,112.3,1.07,2003,Memphis Grizzlies*
15,33,39,.458,9.0,111.1,112.8,-1.58,2003,San Antonio Spurs
16,31,41,.431,11.0,114.6,114.9,-0.20,2003,New Orleans Pelicans
17,17,55,.236,25.0,108.8,116.7,-7.50,2003,Houston Rockets
0,Atlantic Division,Atlantic Division,Atlantic Division,Atlantic Division,Atlantic Division,Atlantic Division,Atlantic Division,2004,Atlantic Division
1,49,23,.681,—,113.6,108.1,5.28,2004,Philadelphia 76ers*
2,48,24,.667,1.0,118.6,114.1,4.24,2004,Brooklyn Nets*
3,41,31,.569,8.0,107.0,104.7,2.13,2004,New York Knicks*
4,36,36,.500,13.0,112.6,111.2,1.32,2004,Boston Celtics*
5,27,45,.375,22.0,111.3,111.7,-0.54,2004,Toronto Raptors
6,Central Division,Central Division,Central Division,Central Division,Central Division,Central Division,Central Division,2004,Central Division
7,46,26,.639,—,120.1,114.2,5.57,2004,Milwaukee Bucks*
8,34,38,.472,12.0,115.3,115.3,-0.13,2004,Indiana Pacers
9,31,41,.431,15.0,110.7,111.6,-0.94,2004,Chicago Bulls
10,22,50,.306,24.0,103.8,112.3,-8.19,2004,Cleveland Cavaliers
11,20,52,.278,26.0,106.6,111.1,-4.38,2004,Detroit Pistons
12,Southeast Division,Southeast Division,Southeast Division,Southeast Division,Southeast Division,Southeast Division,Southeast Division,2004,Southeast Division
13,41,31,.569,—,113.7,111.4,2.14,2004,Atlanta Hawks*
14,40,32,.556,1.0,108.1,108.0,-0.06,2004,Miami Heat*
15,34,38,.472,7.0,116.6,118.5,-1.85,2004,Washington Wizards*
16,33,39,.458,8.0,109.5,111.4,-1.94,2004,Charlotte Hornets
17,21,51,.292,20.0,104.0,113.3,-9.02,2004,Orlando Magic
0,Northwest Division,Northwest Division,Northwest Division,Northwest Division,Northwest Division,Northwest Division,Northwest Division,2004,Northwest Division
1,52,20,.722,—,116.4,107.2,8.97,2004,Utah Jazz*
2,47,25,.653,5.0,115.1,110.1,4.82,2004,Denver Nuggets*
3,42,30,.583,10.0,116.1,114.3,1.81,2004,Portland Trail Blazers*
4,23,49,.319,29.0,112.1,117.7,-5.25,2004,Minnesota Timberwolves
5,22,50,.306,30.0,105.0,115.6,-10.13,2004,Oklahoma City Thunder
6,Pacific Division,Pacific Division,Pacific Division,Pacific Division,Pacific Division,Pacific Division,Pacific Division,2004,Pacific Division
7,51,21,.708,—,115.3,109.5,5.67,2004,Phoenix Suns*
8,47,25,.653,4.0,114.0,107.8,6.02,2004,Los Angeles Clippers*
9,42,30,.583,9.0,109.5,106.8,2.77,2004,Los Angeles Lakers*
10,39,33,.542,12.0,113.7,112.7,1.10,2004,Golden State Warriors
11,31,41,.431,20.0,113.7,117.4,-3.45,2004,Sacramento Kings
12,Southwest Division,Southwest Division,Southwest Division,Southwest Division,Southwest Division,Southwest Division,Southwest Division,2004,Southwest Division
13,42,30,.583,—,112.4,110.2,2.26,2004,Dallas Mavericks*
14,38,34,.528,4.0,113.3,112.3,1.07,2004,Memphis Grizzlies*
15,33,39,.458,9.0,111.1,112.8,-1.58,2004,San Antonio Spurs
16,31,41,.431,11.0,114.6,114.9,-0.20,2004,New Orleans Pelicans
17,17,55,.236,25.0,108.8,116.7,-7.50,2004,Houston Rockets
0,Atlantic Division,Atlantic Division,Atlantic Division,Atlantic Division,Atlantic Division,Atlantic Division,Atlantic Division,2005,Atlantic Division
1,49,23,.681,—,113.6,108.1,5.28,2005,Philadelphia 76ers*
2,48,24,.667,1.0,118.6,114.1,4.24,2005,Brooklyn Nets*
3,41,31,.569,8.0,107.0,104.7,2.13,2005,New York Knicks*
4,36,36,.500,13.0,112.6,111.2,1.32,2005,Boston Celtics*
5,27,45,.375,22.0,111.3,111.7,-0.54,2005,Toronto Raptors
6,Central Division,Central Division,Central Division,Central Division,Central Division,Central Division,Central Division,2005,Central Division
7,46,26,.639,—,120.1,114.2,5.57,2005,Milwaukee Bucks*
8,34,38,.472,12.0,115.3,115.3,-0.13,2005,Indiana Pacers
9,31,41,.431,15.0,110.7,111.6,-0.94,2005,Chicago Bulls
10,22,50,.306,24.0,103.8,112.3,-8.19,2005,Cleveland Cavaliers
11,20,52,.278,26.0,106.6,111.1,-4.38,2005,Detroit Pistons
12,Southeast Division,Southeast Division,Southeast Division,Southeast Division,Southeast Division,Southeast Division,Southeast Division,2005,Southeast Division
13,41,31,.569,—,113.7,111.4,2.14,2005,Atlanta Hawks*
14,40,32,.556,1.0,108.1,108.0,-0.06,2005,Miami Heat*
15,34,38,.472,7.0,116.6,118.5,-1.85,2005,Washington Wizards*
16,33,39,.458,8.0,109.5,111.4,-1.94,2005,Charlotte Hornets
17,21,51,.292,20.0,104.0,113.3,-9.02,2005,Orlando Magic
0,Northwest Division,Northwest Division,Northwest Division,Northwest Division,Northwest Division,Northwest Division,Northwest Division,2005,Northwest Division
1,52,20,.722,—,116.4,107.2,8.97,2005,Utah Jazz*
2,47,25,.653,5.0,115.1,110.1,4.82,2005,Denver Nuggets*
3,42,30,.583,10.0,116.1,114.3,1.81,2005,Portland Trail Blazers*
4,23,49,.319,29.0,112.1,117.7,-5.25,2005,Minnesota Timberwolves
5,22,50,.306,30.0,105.0,115.6,-10.13,2005,Oklahoma City Thunder
6,Pacific Division,Pacific Division,Pacific Division,Pacific Division,Pacific Division,Pacific Division,Pacific Division,2005,Pacific Division
7,51,21,.708,—,115.3,109.5,5.67,2005,Phoenix Suns*
8,47,25,.653,4.0,114.0,107.8,6.02,2005,Los Angeles Clippers*
9,42,30,.583,9.0,109.5,106.8,2.77,2005,Los Angeles Lakers*
10,39,33,.542,12.0,113.7,112.7,1.10,2005,Golden State Warriors
11,31,41,.431,20.0,113.7,117.4,-3.45,2005,Sacramento Kings
12,Southwest Division,Southwest Division,Southwest Division,Southwest Division,Southwest Division,Southwest Division,Southwest Division,2005,Southwest Division
13,42,30,.583,—,112.4,110.2,2.26,2005,Dallas Mavericks*
14,38,34,.528,4.0,113.3,112.3,1.07,2005,Memphis Grizzlies*
15,33,39,.458,9.0,111.1,112.8,-1.58,2005,San Antonio Spurs
16,31,41,.431,11.0,114.6,114.9,-0.20,2005,New Orleans Pelicans
17,17,55,.236,25.0,108.8,116.7,-7.50,2005,Houston Rockets
0,Atlantic Division,Atlantic Division,Atlantic Division,Atlantic Division,Atlantic Division,Atlantic Division,Atlantic Division,2006,Atlantic Division
1,49,23,.681,—,113.6,108.1,5.28,2006,Philadelphia 76ers*
2,48,24,.667,1.0,118.6,114.1,4.24,2006,Brooklyn Nets*
3,41,31,.569,8.0,107.0,104.7,2.13,2006,New York Knicks*
4,36,36,.500,13.0,112.6,111.2,1.32,2006,Boston Celtics*
5,27,45,.375,22.0,111.3,111.7,-0.54,2006,Toronto Raptors
6,Central Division,Central Division,Central Division,Central Division,Central Division,Central Division,Central Division,2006,Central Division
7,46,26,.639,—,120.1,114.2,5.57,2006,Milwaukee Bucks*
8,34,38,.472,12.0,115.3,115.3,-0.13,2006,Indiana Pacers
9,31,41,.431,15.0,110.7,111.6,-0.94,2006,Chicago Bulls
10,22,50,.306,24.0,103.8,112.3,-8.19,2006,Cleveland Cavaliers
11,20,52,.278,26.0,106.6,111.1,-4.38,2006,Detroit Pistons
12,Southeast Division,Southeast Division,Southeast Division,Southeast Division,Southeast Division,Southeast Division,Southeast Division,2006,Southeast Division
13,41,31,.569,—,113.7,111.4,2.14,2006,Atlanta Hawks*
14,40,32,.556,1.0,108.1,108.0,-0.06,2006,Miami Heat*
15,34,38,.472,7.0,116.6,118.5,-1.85,2006,Washington Wizards*
16,33,39,.458,8.0,109.5,111.4,-1.94,2006,Charlotte Hornets
17,21,51,.292,20.0,104.0,113.3,-9.02,2006,Orlando Magic
0,Northwest Division,Northwest Division,Northwest Division,Northwest Division,Northwest Division,Northwest Division,Northwest Division,2006,Northwest Division
1,52,20,.722,—,116.4,107.2,8.97,2006,Utah Jazz*
2,47,25,.653,5.0,115.1,110.1,4.82,2006,Denver Nuggets*
3,42,30,.583,10.0,116.1,114.3,1.81,2006,Portland Trail Blazers*
4,23,49,.319,29.0,112.1,117.7,-5.25,2006,Minnesota Timberwolves
5,22,50,.306,30.0,105.0,115.6,-10.13,2006,Oklahoma City Thunder
6,Pacific Division,Pacific Division,Pacific Division,Pacific Division,Pacific Division,Pacific Division,Pacific Division,2006,Pacific Division
7,51,21,.708,—,115.3,109.5,5.67,2006,Phoenix Suns*
8,47,25,.653,4.0,114.0,107.8,6.02,2006,Los Angeles Clippers*
9,42,30,.583,9.0,109.5,106.8,2.77,2006,Los Angeles Lakers*
10,39,33,.542,12.0,113.7,112.7,1.10,2006,Golden State Warriors
11,31,41,.431,20.0,113.7,117.4,-3.45,2006,Sacramento Kings
12,Southwest Division,Southwest Division,Southwest Division,Southwest Division,Southwest Division,Southwest Division,Southwest Division,2006,Southwest Division
13,42,30,.583,—,112.4,110.2,2.26,2006,Dallas Mavericks*
14,38,34,.528,4.0,113.3,112.3,1.07,2006,Memphis Grizzlies*
15,33,39,.458,9.0,111.1,112.8,-1.58,2006,San Antonio Spurs
16,31,41,.431,11.0,114.6,114.9,-0.20,2006,New Orleans Pelicans
17,17,55,.236,25.0,108.8,116.7,-7.50,2006,Houston Rockets
0,Atlantic Division,Atlantic Division,Atlantic Division,Atlantic Division,Atlantic Division,Atlantic Division,Atlantic Division,2007,Atlantic Division
1,49,23,.681,—,113.6,108.1,5.28,2007,Philadelphia 76ers*
2,48,24,.667,1.0,118.6,114.1,4.24,2007,Brooklyn Nets*
3,41,31,.569,8.0,107.0,104.7,2.13,2007,New York Knicks*
4,36,36,.500,13.0,112.6,111.2,1.32,2007,Boston Celtics*
5,27,45,.375,22.0,111.3,111.7,-0.54,2007,Toronto Raptors
6,Central Division,Central Division,Central Division,Central Division,Central Division,Central Division,Central Division,2007,Central Division
7,46,26,.639,—,120.1,114.2,5.57,2007,Milwaukee Bucks*
8,34,38,.472,12.0,115.3,115.3,-0.13,2007,Indiana Pacers
9,31,41,.431,15.0,110.7,111.6,-0.94,2007,Chicago Bulls
10,22,50,.306,24.0,103.8,112.3,-8.19,2007,Cleveland Cavaliers
11,20,52,.278,26.0,106.6,111.1,-4.38,2007,Detroit Pistons
12,Southeast Division,Southeast Division,Southeast Division,Southeast Division,Southeast Division,Southeast Division,Southeast Division,2007,Southeast Division
13,41,31,.569,—,113.7,111.4,2.14,2007,Atlanta Hawks*
14,40,32,.556,1.0,108.1,108.0,-0.06,2007,Miami Heat*
15,34,38,.472,7.0,116.6,118.5,-1.85,2007,Washington Wizards*
16,33,39,.458,8.0,109.5,111.4,-1.94,2007,Charlotte Hornets
17,21,51,.292,20.0,104.0,113.3,-9.02,2007,Orlando Magic
0,Northwest Division,Northwest Division,Northwest Division,Northwest Division,Northwest Division,Northwest Division,Northwest Division,2007,Northwest Division
1,52,20,.722,—,116.4,107.2,8.97,2007,Utah Jazz*
2,47,25,.653,5.0,115.1,110.1,4.82,2007,Denver Nuggets*
3,42,30,.583,10.0,116.1,114.3,1.81,2007,Portland Trail Blazers*
4,23,49,.319,29.0,112.1,117.7,-5.25,2007,Minnesota Timberwolves
5,22,50,.306,30.0,105.0,115.6,-10.13,2007,Oklahoma City Thunder
6,Pacific Division,Pacific Division,Pacific Division,Pacific Division,Pacific Division,Pacific Division,Pacific Division,2007,Pacific Division
7,51,21,.708,—,115.3,109.5,5.67,2007,Phoenix Suns*
8,47,25,.653,4.0,114.0,107.8,6.02,2007,Los Angeles Clippers*
9,42,30,.583,9.0,109.5,106.8,2.77,2007,Los Angeles Lakers*
10,39,33,.542,12.0,113.7,112.7,1.10,2007,Golden State Warriors
11,31,41,.431,20.0,113.7,117.4,-3.45,2007,Sacramento Kings
12,Southwest Division,Southwest Division,Southwest Division,Southwest Division,Southwest Division,Southwest Division,Southwest Division,2007,Southwest Division
13,42,30,.583,—,112.4,110.2,2.26,2007,Dallas Mavericks*
14,38,34,.528,4.0,113.3,112.3,1.07,2007,Memphis Grizzlies*
15,33,39,.458,9.0,111.1,112.8,-1.58,2007,San Antonio Spurs
16,31,41,.431,11.0,114.6,114.9,-0.20,2007,New Orleans Pelicans
17,17,55,.236,25.0,108.8,116.7,-7.50,2007,Houston Rockets
0,Atlantic Division,Atlantic Division,Atlantic Division,Atlantic Division,Atlantic Division,Atlantic Division,Atlantic Division,2008,Atlantic Division
1,49,23,.681,—,113.6,108.1,5.28,2008,Philadelphia 76ers*
2,48,24,.667,1.0,118.6,114.1,4.24,2008,Brooklyn Nets*
3,41,31,.569,8.0,107.0,104.7,2.13,2008,New York Knicks*
4,36,36,.500,13.0,112.6,111.2,1.32,2008,Boston Celtics*
5,27,45,.375,22.0,111.3,111.7,-0.54,2008,Toronto Raptors
6,Central Division,Central Division,Central Division,Central Division,Central Division,Central Division,Central Division,2008,Central Division
7,46,26,.639,—,120.1,114.2,5.57,2008,Milwaukee Bucks*
8,34,38,.472,12.0,115.3,115.3,-0.13,2008,Indiana Pacers
9,31,41,.431,15.0,110.7,111.6,-0.94,2008,Chicago Bulls
10,22,50,.306,24.0,103.8,112.3,-8.19,2008,Cleveland Cavaliers
11,20,52,.278,26.0,106.6,111.1,-4.38,2008,Detroit Pistons
12,Southeast Division,Southeast Division,Southeast Division,Southeast Division,Southeast Division,Southeast Division,Southeast Division,2008,Southeast Division
13,41,31,.569,—,113.7,111.4,2.14,2008,Atlanta Hawks*
14,40,32,.556,1.0,108.1,108.0,-0.06,2008,Miami Heat*
15,34,38,.472,7.0,116.6,118.5,-1.85,2008,Washington Wizards*
16,33,39,.458,8.0,109.5,111.4,-1.94,2008,Charlotte Hornets
17,21,51,.292,20.0,104.0,113.3,-9.02,2008,Orlando Magic
0,Northwest Division,Northwest Division,Northwest Division,Northwest Division,Northwest Division,Northwest Division,Northwest Division,2008,Northwest Division
1,52,20,.722,—,116.4,107.2,8.97,2008,Utah Jazz*
2,47,25,.653,5.0,115.1,110.1,4.82,2008,Denver Nuggets*
3,42,30,.583,10.0,116.1,114.3,1.81,2008,Portland Trail Blazers*
4,23,49,.319,29.0,112.1,117.7,-5.25,2008,Minnesota Timberwolves
5,22,50,.306,30.0,105.0,115.6,-10.13,2008,Oklahoma City Thunder
6,Pacific Division,Pacific Division,Pacific Division,Pacific Division,Pacific Division,Pacific Division,Pacific Division,2008,Pacific Division
7,51,21,.708,—,115.3,109.5,5.67,2008,Phoenix Suns*
8,47,25,.653,4.0,114.0,107.8,6.02,2008,Los Angeles Clippers*
9,42,30,.583,9.0,109.5,106.8,2.77,2008,Los Angeles Lakers*
10,39,33,.542,12.0,113.7,112.7,1.10,2008,Golden State Warriors
11,31,41,.431,20.0,113.7,117.4,-3.45,2008,Sacramento Kings
12,Southwest Division,Southwest Division,Southwest Division,Southwest Division,Southwest Division,Southwest Division,Southwest Division,2008,Southwest Division
13,42,30,.583,—,112.4,110.2,2.26,2008,Dallas Mavericks*
14,38,34,.528,4.0,113.3,112.3,1.07,2008,Memphis Grizzlies*
15,33,39,.458,9.0,111.1,112.8,-1.58,2008,San Antonio Spurs
16,31,41,.431,11.0,114.6,114.9,-0.20,2008,New Orleans Pelicans
17,17,55,.236,25.0,108.8,116.7,-7.50,2008,Houston Rockets
0,Atlantic Division,Atlantic Division,Atlantic Division,Atlantic Division,Atlantic Division,Atlantic Division,Atlantic Division,2009,Atlantic Division
1,49,23,.681,—,113.6,108.1,5.28,2009,Philadelphia 76ers*
2,48,24,.667,1.0,118.6,114.1,4.24,2009,Brooklyn Nets*
3,41,31,.569,8.0,107.0,104.7,2.13,2009,New York Knicks*
4,36,36,.500,13.0,112.6,111.2,1.32,2009,Boston Celtics*
5,27,45,.375,22.0,111.3,111.7,-0.54,2009,Toronto Raptors
6,Central Division,Central Division,Central Division,Central Division,Central Division,Central Division,Central Division,2009,Central Division
7,46,26,.639,—,120.1,114.2,5.57,2009,Milwaukee Bucks*
8,34,38,.472,12.0,115.3,115.3,-0.13,2009,Indiana Pacers
9,31,41,.431,15.0,110.7,111.6,-0.94,2009,Chicago Bulls
10,22,50,.306,24.0,103.8,112.3,-8.19,2009,Cleveland Cavaliers
11,20,52,.278,26.0,106.6,111.1,-4.38,2009,Detroit Pistons
12,Southeast Division,Southeast Division,Southeast Division,Southeast Division,Southeast Division,Southeast Division,Southeast Division,2009,Southeast Division
13,41,31,.569,—,113.7,111.4,2.14,2009,Atlanta Hawks*
14,40,32,.556,1.0,108.1,108.0,-0.06,2009,Miami Heat*
15,34,38,.472,7.0,116.6,118.5,-1.85,2009,Washington Wizards*
16,33,39,.458,8.0,109.5,111.4,-1.94,2009,Charlotte Hornets
17,21,51,.292,20.0,104.0,113.3,-9.02,2009,Orlando Magic
0,Northwest Division,Northwest Division,Northwest Division,Northwest Division,Northwest Division,Northwest Division,Northwest Division,2009,Northwest Division
1,52,20,.722,—,116.4,107.2,8.97,2009,Utah Jazz*
2,47,25,.653,5.0,115.1,110.1,4.82,2009,Denver Nuggets*
3,42,30,.583,10.0,116.1,114.3,1.81,2009,Portland Trail Blazers*
4,23,49,.319,29.0,112.1,117.7,-5.25,2009,Minnesota Timberwolves
5,22,50,.306,30.0,105.0,115.6,-10.13,2009,Oklahoma City Thunder
6,Pacific Division,Pacific Division,Pacific Division,Pacific Division,Pacific Division,Pacific Division,Pacific Division,2009,Pacific Division
7,51,21,.708,—,115.3,109.5,5.67,2009,Phoenix Suns*
8,47,25,.653,4.0,114.0,107.8,6.02,2009,Los Angeles Clippers*
9,42,30,.583,9.0,109.5,106.8,2.77,2009,Los Angeles Lakers*
10,39,33,.542,12.0,113.7,112.7,1.10,2009,Golden State Warriors
11,31,41,.431,20.0,113.7,117.4,-3.45,2009,Sacramento Kings
12,Southwest Division,Southwest Division,Southwest Division,Southwest Division,Southwest Division,Southwest Division,Southwest Division,2009,Southwest Division
13,42,30,.583,—,112.4,110.2,2.26,2009,Dallas Mavericks*
14,38,34,.528,4.0,113.3,112.3,1.07,2009,Memphis Grizzlies*
15,33,39,.458,9.0,111.1,112.8,-1.58,2009,San Antonio Spurs
16,31,41,.431,11.0,114.6,114.9,-0.20,2009,New Orleans Pelicans
17,17,55,.236,25.0,108.8,116.7,-7.50,2009,Houston Rockets
0,Atlantic Division,Atlantic Division,Atlantic Division,Atlantic Division,Atlantic Division,Atlantic Division,Atlantic Division,2010,Atlantic Division
1,49,23,.681,—,113.6,108.1,5.28,2010,Philadelphia 76ers*
2,48,24,.667,1.0,118.6,114.1,4.24,2010,Brooklyn Nets*
3,41,31,.569,8.0,107.0,104.7,2.13,2010,New York Knicks*
4,36,36,.500,13.0,112.6,111.2,1.32,2010,Boston Celtics*
5,27,45,.375,22.0,111.3,111.7,-0.54,2010,Toronto Raptors
6,Central Division,Central Division,Central Division,Central Division,Central Division,Central Division,Central Division,2010,Central Division
7,46,26,.639,—,120.1,114.2,5.57,2010,Milwaukee Bucks*
8,34,38,.472,12.0,115.3,115.3,-0.13,2010,Indiana Pacers
9,31,41,.431,15.0,110.7,111.6,-0.94,2010,Chicago Bulls
10,22,50,.306,24.0,103.8,112.3,-8.19,2010,Cleveland Cavaliers
11,20,52,.278,26.0,106.6,111.1,-4.38,2010,Detroit Pistons
12,Southeast Division,Southeast Division,Southeast Division,Southeast Division,Southeast Division,Southeast Division,Southeast Division,2010,Southeast Division
13,41,31,.569,—,113.7,111.4,2.14,2010,Atlanta Hawks*
14,40,32,.556,1.0,108.1,108.0,-0.06,2010,Miami Heat*
15,34,38,.472,7.0,116.6,118.5,-1.85,2010,Washington Wizards*
16,33,39,.458,8.0,109.5,111.4,-1.94,2010,Charlotte Hornets
17,21,51,.292,20.0,104.0,113.3,-9.02,2010,Orlando Magic
0,Northwest Division,Northwest Division,Northwest Division,Northwest Division,Northwest Division,Northwest Division,Northwest Division,2010,Northwest Division
1,52,20,.722,—,116.4,107.2,8.97,2010,Utah Jazz*
2,47,25,.653,5.0,115.1,110.1,4.82,2010,Denver Nuggets*
3,42,30,.583,10.0,116.1,114.3,1.81,2010,Portland Trail Blazers*
4,23,49,.319,29.0,112.1,117.7,-5.25,2010,Minnesota Timberwolves
5,22,50,.306,30.0,105.0,115.6,-10.13,2010,Oklahoma City Thunder
6,Pacific Division,Pacific Division,Pacific Division,Pacific Division,Pacific Division,Pacific Division,Pacific Division,2010,Pacific Division
7,51,21,.708,—,115.3,109.5,5.67,2010,Phoenix Suns*
8,47,25,.653,4.0,114.0,107.8,6.02,2010,Los Angeles Clippers*
9,42,30,.583,9.0,109.5,106.8,2.77,2010,Los Angeles Lakers*
10,39,33,.542,12.0,113.7,112.7,1.10,2010,Golden State Warriors
11,31,41,.431,20.0,113.7,117.4,-3.45,2010,Sacramento Kings
12,Southwest Division,Southwest Division,Southwest Division,Southwest Division,Southwest Division,Southwest Division,Southwest Division,2010,Southwest Division
13,42,30,.583,—,112.4,110.2,2.26,2010,Dallas Mavericks*
14,38,34,.528,4.0,113.3,112.3,1.07,2010,Memphis Grizzlies*
15,33,39,.458,9.0,111.1,112.8,-1.58,2010,San Antonio Spurs
16,31,41,.431,11.0,114.6,114.9,-0.20,2010,New Orleans Pelicans
17,17,55,.236,25.0,108.8,116.7,-7.50,2010,Houston Rockets
0,Atlantic Division,Atlantic Division,Atlantic Division,Atlantic Division,Atlantic Division,Atlantic Division,Atlantic Division,2011,Atlantic Division
1,49,23,.681,—,113.6,108.1,5.28,2011,Philadelphia 76ers*
2,48,24,.667,1.0,118.6,114.1,4.24,2011,Brooklyn Nets*
3,41,31,.569,8.0,107.0,104.7,2.13,2011,New York Knicks*
4,36,36,.500,13.0,112.6,111.2,1.32,2011,Boston Celtics*
5,27,45,.375,22.0,111.3,111.7,-0.54,2011,Toronto Raptors
6,Central Division,Central Division,Central Division,Central Division,Central Division,Central Division,Central Division,2011,Central Division
7,46,26,.639,—,120.1,114.2,5.57,2011,Milwaukee Bucks*
8,34,38,.472,12.0,115.3,115.3,-0.13,2011,Indiana Pacers
9,31,41,.431,15.0,110.7,111.6,-0.94,2011,Chicago Bulls
10,22,50,.306,24.0,103.8,112.3,-8.19,2011,Cleveland Cavaliers
11,20,52,.278,26.0,106.6,111.1,-4.38,2011,Detroit Pistons
12,Southeast Division,Southeast Division,Southeast Division,Southeast Division,Southeast Division,Southeast Division,Southeast Division,2011,Southeast Division
13,41,31,.569,—,113.7,111.4,2.14,2011,Atlanta Hawks*
14,40,32,.556,1.0,108.1,108.0,-0.06,2011,Miami Heat*
15,34,38,.472,7.0,116.6,118.5,-1.85,2011,Washington Wizards*
16,33,39,.458,8.0,109.5,111.4,-1.94,2011,Charlotte Hornets
17,21,51,.292,20.0,104.0,113.3,-9.02,2011,Orlando Magic
0,Northwest Division,Northwest Division,Northwest Division,Northwest Division,Northwest Division,Northwest Division,Northwest Division,2011,Northwest Division
1,52,20,.722,—,116.4,107.2,8.97,2011,Utah Jazz*
2,47,25,.653,5.0,115.1,110.1,4.82,2011,Denver Nuggets*
3,42,30,.583,10.0,116.1,114.3,1.81,2011,Portland Trail Blazers*
4,23,49,.319,29.0,112.1,117.7,-5.25,2011,Minnesota Timberwolves
5,22,50,.306,30.0,105.0,115.6,-10.13,2011,Oklahoma City Thunder
6,Pacific Division,Pacific Division,Pacific Division,Pacific Division,Pacific Division,Pacific Division,Pacific Division,2011,Pacific Division
7,51,21,.708,—,115.3,109.5,5.67,2011,Phoenix Suns*
8,47,25,.653,4.0,114.0,107.8,6.02,2011,Los Angeles Clippers*
9,42,30,.583,9.0,109.5,106.8,2.77,2011,Los Angeles Lakers*
10,39,33,.542,12.0,113.7,112.7,1.10,2011,Golden State Warriors
11,31,41,.431,20.0,113.7,117.4,-3.45,2011,Sacramento Kings
12,Southwest Division,Southwest Division,Southwest Division,Southwest Division,Southwest Division,Southwest Division,Southwest Division,2011,Southwest Division
13,42,30,.583,—,112.4,110.2,2.26,2011,Dallas Mavericks*
14,38,34,.528,4.0,113.3,112.3,1.07,2011,Memphis Grizzlies*
15,33,39,.458,9.0,111.1,112.8,-1.58,2011,San Antonio Spurs
16,31,41,.431,11.0,114.6,114.9,-0.20,2011,New Orleans Pelicans
17,17,55,.236,25.0,108.8,116.7,-7.50,2011,Houston Rockets
0,Atlantic Division,Atlantic Division,Atlantic Division,Atlantic Division,Atlantic Division,Atlantic Division,Atlantic Division,2012,Atlantic Division
1,49,23,.681,—,113.6,108.1,5.28,2012,Philadelphia 76ers*
2,48,24,.667,1.0,118.6,114.1,4.24,2012,Brooklyn Nets*
3,41,31,.569,8.0,107.0,104.7,2.13,2012,New York Knicks*
4,36,36,.500,13.0,112.6,111.2,1.32,2012,Boston Celtics*
5,27,45,.375,22.0,111.3,111.7,-0.54,2012,Toronto Raptors
6,Central Division,Central Division,Central Division,Central Division,Central Division,Central Division,Central Division,2012,Central Division
7,46,26,.639,—,120.1,114.2,5.57,2012,Milwaukee Bucks*
8,34,38,.472,12.0,115.3,115.3,-0.13,2012,Indiana Pacers
9,31,41,.431,15.0,110.7,111.6,-0.94,2012,Chicago Bulls
10,22,50,.306,24.0,103.8,112.3,-8.19,2012,Cleveland Cavaliers
11,20,52,.278,26.0,106.6,111.1,-4.38,2012,Detroit Pistons
12,Southeast Division,Southeast Division,Southeast Division,Southeast Division,Southeast Division,Southeast Division,Southeast Division,2012,Southeast Division
13,41,31,.569,—,113.7,111.4,2.14,2012,Atlanta Hawks*
14,40,32,.556,1.0,108.1,108.0,-0.06,2012,Miami Heat*
15,34,38,.472,7.0,116.6,118.5,-1.85,2012,Washington Wizards*
16,33,39,.458,8.0,109.5,111.4,-1.94,2012,Charlotte Hornets
17,21,51,.292,20.0,104.0,113.3,-9.02,2012,Orlando Magic
0,Northwest Division,Northwest Division,Northwest Division,Northwest Division,Northwest Division,Northwest Division,Northwest Division,2012,Northwest Division
1,52,20,.722,—,116.4,107.2,8.97,2012,Utah Jazz*
2,47,25,.653,5.0,115.1,110.1,4.82,2012,Denver Nuggets*
3,42,30,.583,10.0,116.1,114.3,1.81,2012,Portland Trail Blazers*
4,23,49,.319,29.0,112.1,117.7,-5.25,2012,Minnesota Timberwolves
5,22,50,.306,30.0,105.0,115.6,-10.13,2012,Oklahoma City Thunder
6,Pacific Division,Pacific Division,Pacific Division,Pacific Division,Pacific Division,Pacific Division,Pacific Division,2012,Pacific Division
7,51,21,.708,—,115.3,109.5,5.67,2012,Phoenix Suns*
8,47,25,.653,4.0,114.0,107.8,6.02,2012,Los Angeles Clippers*
9,42,30,.583,9.0,109.5,106.8,2.77,2012,Los Angeles Lakers*
10,39,33,.542,12.0,113.7,112.7,1.10,2012,Golden State Warriors
11,31,41,.431,20.0,113.7,117.4,-3.45,2012,Sacramento Kings
12,Southwest Division,Southwest Division,Southwest Division,Southwest Division,Southwest Division,Southwest Division,Southwest Division,2012,Southwest Division
13,42,30,.583,—,112.4,110.2,2.26,2012,Dallas Mavericks*
14,38,34,.528,4.0,113.3,112.3,1.07,2012,Memphis Grizzlies*
15,33,39,.458,9.0,111.1,112.8,-1.58,2012,San Antonio Spurs
16,31,41,.431,11.0,114.6,114.9,-0.20,2012,New Orleans Pelicans
17,17,55,.236,25.0,108.8,116.7,-7.50,2012,Houston Rockets
0,Atlantic Division,Atlantic Division,Atlantic Division,Atlantic Division,Atlantic Division,Atlantic Division,Atlantic Division,2013,Atlantic Division
1,49,23,.681,—,113.6,108.1,5.28,2013,Philadelphia 76ers*
2,48,24,.667,1.0,118.6,114.1,4.24,2013,Brooklyn Nets*
3,41,31,.569,8.0,107.0,104.7,2.13,2013,New York Knicks*
4,36,36,.500,13.0,112.6,111.2,1.32,2013,Boston Celtics*
5,27,45,.375,22.0,111.3,111.7,-0.54,2013,Toronto Raptors
6,Central Division,Central Division,Central Division,Central Division,Central Division,Central Division,Central Division,2013,Central Division
7,46,26,.639,—,120.1,114.2,5.57,2013,Milwaukee Bucks*
8,34,38,.472,12.0,115.3,115.3,-0.13,2013,Indiana Pacers
9,31,41,.431,15.0,110.7,111.6,-0.94,2013,Chicago Bulls
10,22,50,.306,24.0,103.8,112.3,-8.19,2013,Cleveland Cavaliers
11,20,52,.278,26.0,106.6,111.1,-4.38,2013,Detroit Pistons
12,Southeast Division,Southeast Division,Southeast Division,Southeast Division,Southeast Division,Southeast Division,Southeast Division,2013,Southeast Division
13,41,31,.569,—,113.7,111.4,2.14,2013,Atlanta Hawks*
14,40,32,.556,1.0,108.1,108.0,-0.06,2013,Miami Heat*
15,34,38,.472,7.0,116.6,118.5,-1.85,2013,Washington Wizards*
16,33,39,.458,8.0,109.5,111.4,-1.94,2013,Charlotte Hornets
17,21,51,.292,20.0,104.0,113.3,-9.02,2013,Orlando Magic
0,Northwest Division,Northwest Division,Northwest Division,Northwest Division,Northwest Division,Northwest Division,Northwest Division,2013,Northwest Division
1,52,20,.722,—,116.4,107.2,8.97,2013,Utah Jazz*
2,47,25,.653,5.0,115.1,110.1,4.82,2013,Denver Nuggets*
3,42,30,.583,10.0,116.1,114.3,1.81,2013,Portland Trail Blazers*
4,23,49,.319,29.0,112.1,117.7,-5.25,2013,Minnesota Timberwolves
5,22,50,.306,30.0,105.0,115.6,-10.13,2013,Oklahoma City Thunder
6,Pacific Division,Pacific Division,Pacific Division,Pacific Division,Pacific Division,Pacific Division,Pacific Division,2013,Pacific Division
7,51,21,.708,—,115.3,109.5,5.67,2013,Phoenix Suns*
8,47,25,.653,4.0,114.0,107.8,6.02,2013,Los Angeles Clippers*
9,42,30,.583,9.0,109.5,106.8,2.77,2013,Los Angeles Lakers*
10,39,33,.542,12.0,113.7,112.7,1.10,2013,Golden State Warriors
11,31,41,.431,20.0,113.7,117.4,-3.45,2013,Sacramento Kings
12,Southwest Division,Southwest Division,Southwest Division,Southwest Division,Southwest Division,Southwest Division,Southwest Division,2013,Southwest Division
13,42,30,.583,—,112.4,110.2,2.26,2013,Dallas Mavericks*
14,38,34,.528,4.0,113.3,112.3,1.07,2013,Memphis Grizzlies*
15,33,39,.458,9.0,111.1,112.8,-1.58,2013,San Antonio Spurs
16,31,41,.431,11.0,114.6,114.9,-0.20,2013,New Orleans Pelicans
17,17,55,.236,25.0,108.8,116.7,-7.50,2013,Houston Rockets
0,Atlantic Division,Atlantic Division,Atlantic Division,Atlantic Division,Atlantic Division,Atlantic Division,Atlantic Division,2014,Atlantic Division
1,49,23,.681,—,113.6,108.1,5.28,2014,Philadelphia 76ers*
2,48,24,.667,1.0,118.6,114.1,4.24,2014,Brooklyn Nets*
3,41,31,.569,8.0,107.0,104.7,2.13,2014,New York Knicks*
4,36,36,.500,13.0,112.6,111.2,1.32,2014,Boston Celtics*
5,27,45,.375,22.0,111.3,111.7,-0.54,2014,Toronto Raptors
6,Central Division,Central Division,Central Division,Central Division,Central Division,Central Division,Central Division,2014,Central Division
7,46,26,.639,—,120.1,114.2,5.57,2014,Milwaukee Bucks*
8,34,38,.472,12.0,115.3,115.3,-0.13,2014,Indiana Pacers
9,31,41,.431,15.0,110.7,111.6,-0.94,2014,Chicago Bulls
10,22,50,.306,24.0,103.8,112.3,-8.19,2014,Cleveland Cavaliers
11,20,52,.278,26.0,106.6,111.1,-4.38,2014,Detroit Pistons
12,Southeast Division,Southeast Division,Southeast Division,Southeast Division,Southeast Division,Southeast Division,Southeast Division,2014,Southeast Division
13,41,31,.569,—,113.7,111.4,2.14,2014,Atlanta Hawks*
14,40,32,.556,1.0,108.1,108.0,-0.06,2014,Miami Heat*
15,34,38,.472,7.0,116.6,118.5,-1.85,2014,Washington Wizards*
16,33,39,.458,8.0,109.5,111.4,-1.94,2014,Charlotte Hornets
17,21,51,.292,20.0,104.0,113.3,-9.02,2014,Orlando Magic
0,Northwest Division,Northwest Division,Northwest Division,Northwest Division,Northwest Division,Northwest Division,Northwest Division,2014,Northwest Division
1,52,20,.722,—,116.4,107.2,8.97,2014,Utah Jazz*
2,47,25,.653,5.0,115.1,110.1,4.82,2014,Denver Nuggets*
3,42,30,.583,10.0,116.1,114.3,1.81,2014,Portland Trail Blazers*
4,23,49,.319,29.0,112.1,117.7,-5.25,2014,Minnesota Timberwolves
5,22,50,.306,30.0,105.0,115.6,-10.13,2014,Oklahoma City Thunder
6,Pacific Division,Pacific Division,Pacific Division,Pacific Division,Pacific Division,Pacific Division,Pacific Division,2014,Pacific Division
7,51,21,.708,—,115.3,109.5,5.67,2014,Phoenix Suns*
8,47,25,.653,4.0,114.0,107.8,6.02,2014,Los Angeles Clippers*
9,42,30,.583,9.0,109.5,106.8,2.77,2014,Los Angeles Lakers*
10,39,33,.542,12.0,113.7,112.7,1.10,2014,Golden State Warriors
11,31,41,.431,20.0,113.7,117.4,-3.45,2014,Sacramento Kings
12,Southwest Division,Southwest Division,Southwest Division,Southwest Division,Southwest Division,Southwest Division,Southwest Division,2014,Southwest Division
13,42,30,.583,—,112.4,110.2,2.26,2014,Dallas Mavericks*
14,38,34,.528,4.0,113.3,112.3,1.07,2014,Memphis Grizzlies*
15,33,39,.458,9.0,111.1,112.8,-1.58,2014,San Antonio Spurs
16,31,41,.431,11.0,114.6,114.9,-0.20,2014,New Orleans Pelicans
17,17,55,.236,25.0,108.8,116.7,-7.50,2014,Houston Rockets
0,Atlantic Division,Atlantic Division,Atlantic Division,Atlantic Division,Atlantic Division,Atlantic Division,Atlantic Division,2015,Atlantic Division
1,49,23,.681,—,113.6,108.1,5.28,2015,Philadelphia 76ers*
2,48,24,.667,1.0,118.6,114.1,4.24,2015,Brooklyn Nets*
3,41,31,.569,8.0,107.0,104.7,2.13,2015,New York Knicks*
4,36,36,.500,13.0,112.6,111.2,1.32,2015,Boston Celtics*
5,27,45,.375,22.0,111.3,111.7,-0.54,2015,Toronto Raptors
6,Central Division,Central Division,Central Division,Central Division,Central Division,Central Division,Central Division,2015,Central Division
7,46,26,.639,—,120.1,114.2,5.57,2015,Milwaukee Bucks*
8,34,38,.472,12.0,115.3,115.3,-0.13,2015,Indiana Pacers
9,31,41,.431,15.0,110.7,111.6,-0.94,2015,Chicago Bulls
10,22,50,.306,24.0,103.8,112.3,-8.19,2015,Cleveland Cavaliers
11,20,52,.278,26.0,106.6,111.1,-4.38,2015,Detroit Pistons
12,Southeast Division,Southeast Division,Southeast Division,Southeast Division,Southeast Division,Southeast Division,Southeast Division,2015,Southeast Division
13,41,31,.569,—,113.7,111.4,2.14,2015,Atlanta Hawks*
14,40,32,.556,1.0,108.1,108.0,-0.06,2015,Miami Heat*
15,34,38,.472,7.0,116.6,118.5,-1.85,2015,Washington Wizards*
16,33,39,.458,8.0,109.5,111.4,-1.94,2015,Charlotte Hornets
17,21,51,.292,20.0,104.0,113.3,-9.02,2015,Orlando Magic
0,Northwest Division,Northwest Division,Northwest Division,Northwest Division,Northwest Division,Northwest Division,Northwest Division,2015,Northwest Division
1,52,20,.722,—,116.4,107.2,8.97,2015,Utah Jazz*
2,47,25,.653,5.0,115.1,110.1,4.82,2015,Denver Nuggets*
3,42,30,.583,10.0,116.1,114.3,1.81,2015,Portland Trail Blazers*
4,23,49,.319,29.0,112.1,117.7,-5.25,2015,Minnesota Timberwolves
5,22,50,.306,30.0,105.0,115.6,-10.13,2015,Oklahoma City Thunder
6,Pacific Division,Pacific Division,Pacific Division,Pacific Division,Pacific Division,Pacific Division,Pacific Division,2015,Pacific Division
7,51,21,.708,—,115.3,109.5,5.67,2015,Phoenix Suns*
8,47,25,.653,4.0,114.0,107.8,6.02,2015,Los Angeles Clippers*
9,42,30,.583,9.0,109.5,106.8,2.77,2015,Los Angeles Lakers*
10,39,33,.542,12.0,113.7,112.7,1.10,2015,Golden State Warriors
11,31,41,.431,20.0,113.7,117.4,-3.45,2015,Sacramento Kings
12,Southwest Division,Southwest Division,Southwest Division,Southwest Division,Southwest Division,Southwest Division,Southwest Division,2015,Southwest Division
13,42,30,.583,—,112.4,110.2,2.26,2015,Dallas Mavericks*
14,38,34,.528,4.0,113.3,112.3,1.07,2015,Memphis Grizzlies*
15,33,39,.458,9.0,111.1,112.8,-1.58,2015,San Antonio Spurs
16,31,41,.431,11.0,114.6,114.9,-0.20,2015,New Orleans Pelicans
17,17,55,.236,25.0,108.8,116.7,-7.50,2015,Houston Rockets
0,Atlantic Division,Atlantic Division,Atlantic Division,Atlantic Division,Atlantic Division,Atlantic Division,Atlantic Division,2016,Atlantic Division
1,49,23,.681,—,113.6,108.1,5.28,2016,Philadelphia 76ers*
2,48,24,.667,1.0,118.6,114.1,4.24,2016,Brooklyn Nets*
3,41,31,.569,8.0,107.0,104.7,2.13,2016,New York Knicks*
4,36,36,.500,13.0,112.6,111.2,1.32,2016,Boston Celtics*
5,27,45,.375,22.0,111.3,111.7,-0.54,2016,Toronto Raptors
6,Central Division,Central Division,Central Division,Central Division,Central Division,Central Division,Central Division,2016,Central Division
7,46,26,.639,—,120.1,114.2,5.57,2016,Milwaukee Bucks*
8,34,38,.472,12.0,115.3,115.3,-0.13,2016,Indiana Pacers
9,31,41,.431,15.0,110.7,111.6,-0.94,2016,Chicago Bulls
10,22,50,.306,24.0,103.8,112.3,-8.19,2016,Cleveland Cavaliers
11,20,52,.278,26.0,106.6,111.1,-4.38,2016,Detroit Pistons
12,Southeast Division,Southeast Division,Southeast Division,Southeast Division,Southeast Division,Southeast Division,Southeast Division,2016,Southeast Division
13,41,31,.569,—,113.7,111.4,2.14,2016,Atlanta Hawks*
14,40,32,.556,1.0,108.1,108.0,-0.06,2016,Miami Heat*
15,34,38,.472,7.0,116.6,118.5,-1.85,2016,Washington Wizards*
16,33,39,.458,8.0,109.5,111.4,-1.94,2016,Charlotte Hornets
17,21,51,.292,20.0,104.0,113.3,-9.02,2016,Orlando Magic
0,Northwest Division,Northwest Division,Northwest Division,Northwest Division,Northwest Division,Northwest Division,Northwest Division,2016,Northwest Division
1,52,20,.722,—,116.4,107.2,8.97,2016,Utah Jazz*
2,47,25,.653,5.0,115.1,110.1,4.82,2016,Denver Nuggets*
3,42,30,.583,10.0,116.1,114.3,1.81,2016,Portland Trail Blazers*
4,23,49,.319,29.0,112.1,117.7,-5.25,2016,Minnesota Timberwolves
5,22,50,.306,30.0,105.0,115.6,-10.13,2016,Oklahoma City Thunder
6,Pacific Division,Pacific Division,Pacific Division,Pacific Division,Pacific Division,Pacific Division,Pacific Division,2016,Pacific Division
7,51,21,.708,—,115.3,109.5,5.67,2016,Phoenix Suns*
8,47,25,.653,4.0,114.0,107.8,6.02,2016,Los Angeles Clippers*
9,42,30,.583,9.0,109.5,106.8,2.77,2016,Los Angeles Lakers*
10,39,33,.542,12.0,113.7,112.7,1.10,2016,Golden State Warriors
11,31,41,.431,20.0,113.7,117.4,-3.45,2016,Sacramento Kings
12,Southwest Division,Southwest Division,Southwest Division,Southwest Division,Southwest Division,Southwest Division,Southwest Division,2016,Southwest Division
13,42,30,.583,—,112.4,110.2,2.26,2016,Dallas Mavericks*
14,38,34,.528,4.0,113.3,112.3,1.07,2016,Memphis Grizzlies*
15,33,39,.458,9.0,111.1,112.8,-1.58,2016,San Antonio Spurs
16,31,41,.431,11.0,114.6,114.9,-0.20,2016,New Orleans Pelicans
17,17,55,.236,25.0,108.8,116.7,-7.50,2016,Houston Rockets
0,Atlantic Division,Atlantic Division,Atlantic Division,Atlantic Division,Atlantic Division,Atlantic Division,Atlantic Division,2017,Atlantic Division
1,49,23,.681,—,113.6,108.1,5.28,2017,Philadelphia 76ers*
2,48,24,.667,1.0,118.6,114.1,4.24,2017,Brooklyn Nets*
3,41,31,.569,8.0,107.0,104.7,2.13,2017,New York Knicks*
4,36,36,.500,13.0,112.6,111.2,1.32,2017,Boston Celtics*
5,27,45,.375,22.0,111.3,111.7,-0.54,2017,Toronto Raptors
6,Central Division,Central Division,Central Division,Central Division,Central Division,Central Division,Central Division,2017,Central Division
7,46,26,.639,—,120.1,114.2,5.57,2017,Milwaukee Bucks*
8,34,38,.472,12.0,115.3,115.3,-0.13,2017,Indiana Pacers
9,31,41,.431,15.0,110.7,111.6,-0.94,2017,Chicago Bulls
10,22,50,.306,24.0,103.8,112.3,-8.19,2017,Cleveland Cavaliers
11,20,52,.278,26.0,106.6,111.1,-4.38,2017,Detroit Pistons
12,Southeast Division,Southeast Division,Southeast Division,Southeast Division,Southeast Division,Southeast Division,Southeast Division,2017,Southeast Division
13,41,31,.569,—,113.7,111.4,2.14,2017,Atlanta Hawks*
14,40,32,.556,1.0,108.1,108.0,-0.06,2017,Miami Heat*
15,34,38,.472,7.0,116.6,118.5,-1.85,2017,Washington Wizards*
16,33,39,.458,8.0,109.5,111.4,-1.94,2017,Charlotte Hornets
17,21,51,.292,20.0,104.0,113.3,-9.02,2017,Orlando Magic
0,Northwest Division,Northwest Division,Northwest Division,Northwest Division,Northwest Division,Northwest Division,Northwest Division,2017,Northwest Division
1,52,20,.722,—,116.4,107.2,8.97,2017,Utah Jazz*
2,47,25,.653,5.0,115.1,110.1,4.82,2017,Denver Nuggets*
3,42,30,.583,10.0,116.1,114.3,1.81,2017,Portland Trail Blazers*
4,23,49,.319,29.0,112.1,117.7,-5.25,2017,Minnesota Timberwolves
5,22,50,.306,30.0,105.0,115.6,-10.13,2017,Oklahoma City Thunder
6,Pacific Division,Pacific Division,Pacific Division,Pacific Division,Pacific Division,Pacific Division,Pacific Division,2017,Pacific Division
7,51,21,.708,—,115.3,109.5,5.67,2017,Phoenix Suns*
8,47,25,.653,4.0,114.0,107.8,6.02,2017,Los Angeles Clippers*
9,42,30,.583,9.0,109.5,106.8,2.77,2017,Los Angeles Lakers*
10,39,33,.542,12.0,113.7,112.7,1.10,2017,Golden State Warriors
11,31,41,.431,20.0,113.7,117.4,-3.45,2017,Sacramento Kings
12,Southwest Division,Southwest Division,Southwest Division,Southwest Division,Southwest Division,Southwest Division,Southwest Division,2017,Southwest Division
13,42,30,.583,—,112.4,110.2,2.26,2017,Dallas Mavericks*
14,38,34,.528,4.0,113.3,112.3,1.07,2017,Memphis Grizzlies*
15,33,39,.458,9.0,111.1,112.8,-1.58,2017,San Antonio Spurs
16,31,41,.431,11.0,114.6,114.9,-0.20,2017,New Orleans Pelicans
17,17,55,.236,25.0,108.8,116.7,-7.50,2017,Houston Rockets
0,Atlantic Division,Atlantic Division,Atlantic Division,Atlantic Division,Atlantic Division,Atlantic Division,Atlantic Division,2018,Atlantic Division
1,49,23,.681,—,113.6,108.1,5.28,2018,Philadelphia 76ers*
2,48,24,.667,1.0,118.6,114.1,4.24,2018,Brooklyn Nets*
3,41,31,.569,8.0,107.0,104.7,2.13,2018,New York Knicks*
4,36,36,.500,13.0,112.6,111.2,1.32,2018,Boston Celtics*
5,27,45,.375,22.0,111.3,111.7,-0.54,2018,Toronto Raptors
6,Central Division,Central Division,Central Division,Central Division,Central Division,Central Division,Central Division,2018,Central Division
7,46,26,.639,—,120.1,114.2,5.57,2018,Milwaukee Bucks*
8,34,38,.472,12.0,115.3,115.3,-0.13,2018,Indiana Pacers
9,31,41,.431,15.0,110.7,111.6,-0.94,2018,Chicago Bulls
10,22,50,.306,24.0,103.8,112.3,-8.19,2018,Cleveland Cavaliers
11,20,52,.278,26.0,106.6,111.1,-4.38,2018,Detroit Pistons
12,Southeast Division,Southeast Division,Southeast Division,Southeast Division,Southeast Division,Southeast Division,Southeast Division,2018,Southeast Division
13,41,31,.569,—,113.7,111.4,2.14,2018,Atlanta Hawks*
14,40,32,.556,1.0,108.1,108.0,-0.06,2018,Miami Heat*
15,34,38,.472,7.0,116.6,118.5,-1.85,2018,Washington Wizards*
16,33,39,.458,8.0,109.5,111.4,-1.94,2018,Charlotte Hornets
17,21,51,.292,20.0,104.0,113.3,-9.02,2018,Orlando Magic
0,Northwest Division,Northwest Division,Northwest Division,Northwest Division,Northwest Division,Northwest Division,Northwest Division,2018,Northwest Division
1,52,20,.722,—,116.4,107.2,8.97,2018,Utah Jazz*
2,47,25,.653,5.0,115.1,110.1,4.82,2018,Denver Nuggets*
3,42,30,.583,10.0,116.1,114.3,1.81,2018,Portland Trail Blazers*
4,23,49,.319,29.0,112.1,117.7,-5.25,2018,Minnesota Timberwolves
5,22,50,.306,30.0,105.0,115.6,-10.13,2018,Oklahoma City Thunder
6,Pacific Division,Pacific Division,Pacific Division,Pacific Division,Pacific Division,Pacific Division,Pacific Division,2018,Pacific Division
7,51,21,.708,—,115.3,109.5,5.67,2018,Phoenix Suns*
8,47,25,.653,4.0,114.0,107.8,6.02,2018,Los Angeles Clippers*
9,42,30,.583,9.0,109.5,106.8,2.77,2018,Los Angeles Lakers*
10,39,33,.542,12.0,113.7,112.7,1.10,2018,Golden State Warriors
11,31,41,.431,20.0,113.7,117.4,-3.45,2018,Sacramento Kings
12,Southwest Division,Southwest Division,Southwest Division,Southwest Division,Southwest Division,Southwest Division,Southwest Division,2018,Southwest Division
13,42,30,.583,—,112.4,110.2,2.26,2018,Dallas Mavericks*
14,38,34,.528,4.0,113.3,112.3,1.07,2018,Memphis Grizzlies*
15,33,39,.458,9.0,111.1,112.8,-1.58,2018,San Antonio Spurs
16,31,41,.431,11.0,114.6,114.9,-0.20,2018,New Orleans Pelicans
17,17,55,.236,25.0,108.8,116.7,-7.50,2018,Houston Rockets
0,Atlantic Division,Atlantic Division,Atlantic Division,Atlantic Division,Atlantic Division,Atlantic Division,Atlantic Division,2019,Atlantic Division
1,49,23,.681,—,113.6,108.1,5.28,2019,Philadelphia 76ers*
2,48,24,.667,1.0,118.6,114.1,4.24,2019,Brooklyn Nets*
3,41,31,.569,8.0,107.0,104.7,2.13,2019,New York Knicks*
4,36,36,.500,13.0,112.6,111.2,1.32,2019,Boston Celtics*
5,27,45,.375,22.0,111.3,111.7,-0.54,2019,Toronto Raptors
6,Central Division,Central Division,Central Division,Central Division,Central Division,Central Division,Central Division,2019,Central Division
7,46,26,.639,—,120.1,114.2,5.57,2019,Milwaukee Bucks*
8,34,38,.472,12.0,115.3,115.3,-0.13,2019,Indiana Pacers
9,31,41,.431,15.0,110.7,111.6,-0.94,2019,Chicago Bulls
10,22,50,.306,24.0,103.8,112.3,-8.19,2019,Cleveland Cavaliers
11,20,52,.278,26.0,106.6,111.1,-4.38,2019,Detroit Pistons
12,Southeast Division,Southeast Division,Southeast Division,Southeast Division,Southeast Division,Southeast Division,Southeast Division,2019,Southeast Division
13,41,31,.569,—,113.7,111.4,2.14,2019,Atlanta Hawks*
14,40,32,.556,1.0,108.1,108.0,-0.06,2019,Miami Heat*
15,34,38,.472,7.0,116.6,118.5,-1.85,2019,Washington Wizards*
16,33,39,.458,8.0,109.5,111.4,-1.94,2019,Charlotte Hornets
17,21,51,.292,20.0,104.0,113.3,-9.02,2019,Orlando Magic
0,Northwest Division,Northwest Division,Northwest Division,Northwest Division,Northwest Division,Northwest Division,Northwest Division,2019,Northwest Division
1,52,20,.722,—,116.4,107.2,8.97,2019,Utah Jazz*
2,47,25,.653,5.0,115.1,110.1,4.82,2019,Denver Nuggets*
3,42,30,.583,10.0,116.1,114.3,1.81,2019,Portland Trail Blazers*
4,23,49,.319,29.0,112.1,117.7,-5.25,2019,Minnesota Timberwolves
5,22,50,.306,30.0,105.0,115.6,-10.13,2019,Oklahoma City Thunder
6,Pacific Division,Pacific Division,Pacific Division,Pacific Division,Pacific Division,Pacific Division,Pacific Division,2019,Pacific Division
7,51,21,.708,—,115.3,109.5,5.67,2019,Phoenix Suns*
8,47,25,.653,4.0,114.0,107.8,6.02,2019,Los Angeles Clippers*
9,42,30,.583,9.0,109.5,106.8,2.77,2019,Los Angeles Lakers*
10,39,33,.542,12.0,113.7,112.7,1.10,2019,Golden State Warriors
11,31,41,.431,20.0,113.7,117.4,-3.45,2019,Sacramento Kings
12,Southwest Division,Southwest Division,Southwest Division,Southwest Division,Southwest Division,Southwest Division,Southwest Division,2019,Southwest Division
13,42,30,.583,—,112.4,110.2,2.26,2019,Dallas Mavericks*
14,38,34,.528,4.0,113.3,112.3,1.07,2019,Memphis Grizzlies*
15,33,39,.458,9.0,111.1,112.8,-1.58,2019,San Antonio Spurs
16,31,41,.431,11.0,114.6,114.9,-0.20,2019,New Orleans Pelicans
17,17,55,.236,25.0,108.8,116.7,-7.50,2019,Houston Rockets
0,Atlantic Division,Atlantic Division,Atlantic Division,Atlantic Division,Atlantic Division,Atlantic Division,Atlantic Division,2020,Atlantic Division
1,49,23,.681,—,113.6,108.1,5.28,2020,Philadelphia 76ers*
2,48,24,.667,1.0,118.6,114.1,4.24,2020,Brooklyn Nets*
3,41,31,.569,8.0,107.0,104.7,2.13,2020,New York Knicks*
4,36,36,.500,13.0,112.6,111.2,1.32,2020,Boston Celtics*
5,27,45,.375,22.0,111.3,111.7,-0.54,2020,Toronto Raptors
6,Central Division,Central Division,Central Division,Central Division,Central Division,Central Division,Central Division,2020,Central Division
7,46,26,.639,—,120.1,114.2,5.57,2020,Milwaukee Bucks*
8,34,38,.472,12.0,115.3,115.3,-0.13,2020,Indiana Pacers
9,31,41,.431,15.0,110.7,111.6,-0.94,2020,Chicago Bulls
10,22,50,.306,24.0,103.8,112.3,-8.19,2020,Cleveland Cavaliers
11,20,52,.278,26.0,106.6,111.1,-4.38,2020,Detroit Pistons
12,Southeast Division,Southeast Division,Southeast Division,Southeast Division,Southeast Division,Southeast Division,Southeast Division,2020,Southeast Division
13,41,31,.569,—,113.7,111.4,2.14,2020,Atlanta Hawks*
14,40,32,.556,1.0,108.1,108.0,-0.06,2020,Miami Heat*
15,34,38,.472,7.0,116.6,118.5,-1.85,2020,Washington Wizards*
16,33,39,.458,8.0,109.5,111.4,-1.94,2020,Charlotte Hornets
17,21,51,.292,20.0,104.0,113.3,-9.02,2020,Orlando Magic
0,Northwest Division,Northwest Division,Northwest Division,Northwest Division,Northwest Division,Northwest Division,Northwest Division,2020,Northwest Division
1,52,20,.722,—,116.4,107.2,8.97,2020,Utah Jazz*
2,47,25,.653,5.0,115.1,110.1,4.82,2020,Denver Nuggets*
3,42,30,.583,10.0,116.1,114.3,1.81,2020,Portland Trail Blazers*
4,23,49,.319,29.0,112.1,117.7,-5.25,2020,Minnesota Timberwolves
5,22,50,.306,30.0,105.0,115.6,-10.13,2020,Oklahoma City Thunder
6,Pacific Division,Pacific Division,Pacific Division,Pacific Division,Pacific Division,Pacific Division,Pacific Division,2020,Pacific Division
7,51,21,.708,—,115.3,109.5,5.67,2020,Phoenix Suns*
8,47,25,.653,4.0,114.0,107.8,6.02,2020,Los Angeles Clippers*
9,42,30,.583,9.0,109.5,106.8,2.77,2020,Los Angeles Lakers*
10,39,33,.542,12.0,113.7,112.7,1.10,2020,Golden State Warriors
11,31,41,.431,20.0,113.7,117.4,-3.45,2020,Sacramento Kings
12,Southwest Division,Southwest Division,Southwest Division,Southwest Division,Southwest Division,Southwest Division,Southwest Division,2020,Southwest Division
13,42,30,.583,—,112.4,110.2,2.26,2020,Dallas Mavericks*
14,38,34,.528,4.0,113.3,112.3,1.07,2020,Memphis Grizzlies*
15,33,39,.458,9.0,111.1,112.8,-1.58,2020,San Antonio Spurs
16,31,41,.431,11.0,114.6,114.9,-0.20,2020,New Orleans Pelicans
17,17,55,.236,25.0,108.8,116.7,-7.50,2020,Houston Rockets
0,Atlantic Division,Atlantic Division,Atlantic Division,Atlantic Division,Atlantic Division,Atlantic Division,Atlantic Division,2021,Atlantic Division
1,49,23,.681,—,113.6,108.1,5.28,2021,Philadelphia 76ers*
2,48,24,.667,1.0,118.6,114.1,4.24,2021,Brooklyn Nets*
3,41,31,.569,8.0,107.0,104.7,2.13,2021,New York Knicks*
4,36,36,.500,13.0,112.6,111.2,1.32,2021,Boston Celtics*
5,27,45,.375,22.0,111.3,111.7,-0.54,2021,Toronto Raptors
6,Central Division,Central Division,Central Division,Central Division,Central Division,Central Division,Central Division,2021,Central Division
7,46,26,.639,—,120.1,114.2,5.57,2021,Milwaukee Bucks*
8,34,38,.472,12.0,115.3,115.3,-0.13,2021,Indiana Pacers
9,31,41,.431,15.0,110.7,111.6,-0.94,2021,Chicago Bulls
10,22,50,.306,24.0,103.8,112.3,-8.19,2021,Cleveland Cavaliers
11,20,52,.278,26.0,106.6,111.1,-4.38,2021,Detroit Pistons
12,Southeast Division,Southeast Division,Southeast Division,Southeast Division,Southeast Division,Southeast Division,Southeast Division,2021,Southeast Division
13,41,31,.569,—,113.7,111.4,2.14,2021,Atlanta Hawks*
14,40,32,.556,1.0,108.1,108.0,-0.06,2021,Miami Heat*
15,34,38,.472,7.0,116.6,118.5,-1.85,2021,Washington Wizards*
16,33,39,.458,8.0,109.5,111.4,-1.94,2021,Charlotte Hornets
17,21,51,.292,20.0,104.0,113.3,-9.02,2021,Orlando Magic
0,Northwest Division,Northwest Division,Northwest Division,Northwest Division,Northwest Division,Northwest Division,Northwest Division,2021,Northwest Division
1,52,20,.722,—,116.4,107.2,8.97,2021,Utah Jazz*
2,47,25,.653,5.0,115.1,110.1,4.82,2021,Denver Nuggets*
3,42,30,.583,10.0,116.1,114.3,1.81,2021,Portland Trail Blazers*
4,23,49,.319,29.0,112.1,117.7,-5.25,2021,Minnesota Timberwolves
5,22,50,.306,30.0,105.0,115.6,-10.13,2021,Oklahoma City Thunder
6,Pacific Division,Pacific Division,Pacific Division,Pacific Division,Pacific Division,Pacific Division,Pacific Division,2021,Pacific Division
7,51,21,.708,—,115.3,109.5,5.67,2021,Phoenix Suns*
8,47,25,.653,4.0,114.0,107.8,6.02,2021,Los Angeles Clippers*
9,42,30,.583,9.0,109.5,106.8,2.77,2021,Los Angeles Lakers*
10,39,33,.542,12.0,113.7,112.7,1.10,2021,Golden State Warriors
11,31,41,.431,20.0,113.7,117.4,-3.45,2021,Sacramento Kings
12,Southwest Division,Southwest Division,Southwest Division,Southwest Division,Southwest Division,Southwest Division,Southwest Division,2021,Southwest Division
13,42,30,.583,—,112.4,110.2,2.26,2021,Dallas Mavericks*
14,38,34,.528,4.0,113.3,112.3,1.07,2021,Memphis Grizzlies*
15,33,39,.458,9.0,111.1,112.8,-1.58,2021,San Antonio Spurs
16,31,41,.431,11.0,114.6,114.9,-0.20,2021,New Orleans Pelicans
17,17,55,.236,25.0,108.8,116.7,-7.50,2021,Houston Rockets
